,Gender,ForeignWorker,Single,Age,LoanDuration,LoanAmount,LoanRateAsPercentOfIncome,YearsAtCurrentHome,NumberOfOtherLoansAtBank,NumberOfLiableIndividuals,HasTelephone,CheckingAccountBalanceGreaterOrEqualTo0,CheckingAccountBalanceGreaterOrEqualThan200,SavingsAccountBalanceGreaterOrEqualThan200,SavingsAccountBalanceGreaterOrEqualThan500,MissedPayments,NoCurrentLoan,CriticalAccountOrLoansElsewhere,OtherLoansAtBank,OtherLoansAtStore,HasCoapplicant,HasGuarantor,OwnsHouse,RentsHouse,Unemployed,YearsAtCurrentJobLessThan1,YearsAtCurrentJobGreaterOrEqualThan4,JobClassIsSkilled,loanpurposeBusiness,loanpurposeEducation,loanpurposeElectronics,loanpurposeFurniture,loanpurposeHomeAppliances,loanpurposeNewCar,loanpurposeOther,loanpurposeRepairs,loanpurposeRetraining,loanpurposeUsedCar,y
687,1,0,1,30,36,2862,4,3,1,1,0,1,0,1,0,0,0,0,0,0,0,0,0,0,0,0,1,1,0.0,0.0,0.0,0.0,0.0,1.0,0.0,0.0,0.0,0.0,1
500,0,0,0,27,24,3123,4,1,1,1,0,0,0,0,0,1,0,0,0,0,0,0,1,0,0,1,0,1,0.0,0.0,0.0,0.0,0.0,1.0,0.0,0.0,0.0,0.0,0
332,0,0,0,24,60,7408,4,2,1,1,0,1,0,1,0,1,0,0,0,0,0,0,1,0,0,1,0,1,0.0,0.0,0.0,0.0,0.0,1.0,0.0,0.0,0.0,0.0,0
979,1,0,0,25,15,1264,2,2,1,1,0,1,0,1,0,1,1,0,0,0,0,0,0,1,0,0,0,1,0.0,0.0,0.0,0.0,0.0,1.0,0.0,0.0,0.0,0.0,0
817,0,0,0,24,6,1554,1,2,2,1,1,0,0,0,0,1,0,1,0,0,0,0,0,1,0,0,1,1,0.0,0.0,1.0,0.0,0.0,0.0,0.0,0.0,0.0,0.0,1
620,1,0,1,27,21,3652,2,3,2,1,0,1,0,0,0,1,0,1,0,0,0,0,1,0,0,0,1,1,1.0,0.0,0.0,0.0,0.0,0.0,0.0,0.0,0.0,0.0,1
814,1,0,1,46,48,3931,4,4,1,2,0,0,0,0,0,1,0,0,0,0,0,0,0,0,0,0,1,1,0.0,0.0,0.0,0.0,0.0,1.0,0.0,0.0,0.0,0.0,0
516,1,1,1,40,6,1361,2,4,1,2,0,0,0,0,0,1,0,1,0,0,0,0,1,0,0,1,0,0,0.0,0.0,0.0,0.0,0.0,1.0,0.0,0.0,0.0,0.0,1
518,1,0,1,43,6,1203,3,2,1,1,1,0,0,1,0,1,0,0,0,0,0,0,1,0,0,0,1,1,0.0,0.0,0.0,0.0,0.0,1.0,0.0,0.0,0.0,0.0,1
940,1,0,1,45,12,3527,2,3,1,2,1,0,0,0,0,1,0,0,0,0,0,0,1,0,0,1,0,1,0.0,0.0,0.0,0.0,0.0,1.0,0.0,0.0,0.0,0.0,1
113,0,0,0,25,36,7855,4,2,2,1,1,0,0,0,0,1,0,1,0,0,0,0,1,0,0,0,0,1,0.0,0.0,0.0,0.0,0.0,1.0,0.0,0.0,0.0,0.0,0
612,0,0,0,29,21,3357,4,2,1,1,0,0,0,1,1,1,0,0,1,0,0,0,1,0,0,1,0,1,0.0,0.0,1.0,0.0,0.0,0.0,0.0,0.0,0.0,0.0,1
37,1,0,1,37,18,2100,4,2,1,1,0,1,1,0,0,1,0,0,0,0,1,0,1,0,0,0,0,1,0.0,0.0,1.0,0.0,0.0,0.0,0.0,0.0,0.0,0.0,0
894,1,0,1,29,18,1169,4,3,2,1,1,0,0,0,0,1,0,1,0,0,0,0,1,0,0,0,0,1,0.0,0.0,1.0,0.0,0.0,0.0,0.0,0.0,0.0,0.0,1
895,1,0,1,31,36,8947,3,2,1,2,1,0,0,0,0,0,0,0,0,0,0,0,1,0,0,0,1,1,0.0,0.0,0.0,0.0,0.0,0.0,0.0,0.0,0.0,1.0,1
992,1,0,0,23,18,1936,2,4,2,1,0,0,0,0,0,1,0,0,0,0,0,0,0,1,0,0,1,0,0.0,0.0,1.0,0.0,0.0,0.0,0.0,0.0,0.0,0.0,1
158,1,0,1,38,24,3512,2,3,2,1,1,1,0,1,0,1,0,0,1,0,0,0,1,0,0,0,1,1,0.0,0.0,0.0,0.0,0.0,1.0,0.0,0.0,0.0,0.0,1
154,1,0,1,36,24,6967,4,4,1,1,1,1,0,1,0,0,0,0,0,0,0,0,0,1,0,0,1,1,1.0,0.0,0.0,0.0,0.0,0.0,0.0,0.0,0.0,0.0,1
40,1,0,1,30,30,2333,4,2,1,1,0,0,0,1,1,1,0,0,1,0,0,0,1,0,0,0,1,1,0.0,0.0,1.0,0.0,0.0,0.0,0.0,0.0,0.0,0.0,1
585,0,0,0,20,18,2039,1,4,1,1,0,0,0,0,0,1,0,0,1,0,0,0,0,1,0,0,0,1,0.0,0.0,0.0,1.0,0.0,0.0,0.0,0.0,0.0,0.0,0
805,1,0,1,24,36,9271,2,1,1,1,1,0,0,0,0,1,0,0,0,0,0,0,1,0,0,0,1,1,0.0,0.0,0.0,0.0,0.0,1.0,0.0,0.0,0.0,0.0,0
592,0,0,0,36,21,1572,4,4,1,1,0,0,0,1,1,1,0,0,1,0,0,0,1,0,0,0,1,0,1.0,0.0,0.0,0.0,0.0,0.0,0.0,0.0,0.0,0.0,1
964,1,0,0,22,6,454,3,1,1,1,0,1,0,0,0,1,0,0,0,0,0,0,1,0,0,1,0,0,0.0,0.0,0.0,0.0,0.0,0.0,0.0,1.0,0.0,0.0,1
266,1,0,1,36,36,6304,4,4,2,1,0,0,0,0,0,1,0,1,0,0,0,0,1,0,0,0,1,1,1.0,0.0,0.0,0.0,0.0,0.0,0.0,0.0,0.0,0.0,1
406,1,0,1,43,24,2197,4,4,2,2,1,0,0,0,0,1,0,1,0,0,0,0,1,0,0,0,1,1,0.0,0.0,0.0,0.0,0.0,0.0,0.0,0.0,0.0,1.0,1
294,1,0,0,46,48,7629,4,2,2,2,0,0,0,0,0,1,0,1,1,0,0,0,1,0,0,0,1,1,1.0,0.0,0.0,0.0,0.0,0.0,0.0,0.0,0.0,0.0,1
604,0,0,0,23,10,1275,4,2,1,1,0,1,1,0,0,1,0,0,0,0,0,0,1,0,0,1,0,1,0.0,0.0,0.0,1.0,0.0,0.0,0.0,0.0,0.0,0.0,1
522,1,0,1,53,48,7119,3,4,2,2,0,0,0,0,0,1,0,0,0,0,0,0,0,0,0,0,0,1,0.0,0.0,0.0,1.0,0.0,0.0,0.0,0.0,0.0,0.0,0
18,0,0,0,44,24,12579,4,2,1,1,1,1,0,0,0,1,0,0,0,0,0,0,0,0,0,0,1,1,0.0,0.0,0.0,0.0,0.0,0.0,0.0,0.0,0.0,1.0,0
425,1,0,0,21,18,2779,1,3,1,1,1,1,0,0,0,1,0,0,0,0,0,0,0,1,0,0,0,1,0.0,0.0,0.0,0.0,0.0,0.0,0.0,0.0,0.0,1.0,1
527,1,0,1,42,4,1503,2,1,2,2,0,0,0,0,0,1,0,1,0,0,0,0,1,0,0,0,1,0,0.0,0.0,1.0,0.0,0.0,0.0,0.0,0.0,0.0,0.0,1
308,0,0,0,24,8,1237,3,4,1,1,0,1,0,0,0,1,0,0,0,0,0,0,1,0,0,0,0,1,0.0,0.0,0.0,1.0,0.0,0.0,0.0,0.0,0.0,0.0,0
622,1,0,0,38,48,3914,4,2,1,1,0,0,0,0,0,1,0,0,1,0,0,0,1,0,0,0,0,1,1.0,0.0,0.0,0.0,0.0,0.0,0.0,0.0,0.0,0.0,0
794,1,0,1,32,24,3062,4,3,1,1,1,0,0,1,1,1,0,0,0,0,0,0,0,1,0,0,1,1,0.0,0.0,0.0,1.0,0.0,0.0,0.0,0.0,0.0,0.0,1
62,1,0,1,61,36,1953,4,4,1,1,1,1,0,0,0,1,0,0,0,0,0,0,0,0,0,0,1,1,1.0,0.0,0.0,0.0,0.0,0.0,0.0,0.0,0.0,0.0,0
79,1,0,0,22,30,3832,2,1,1,1,0,1,0,0,0,1,0,0,0,0,0,0,1,0,0,1,0,1,0.0,0.0,0.0,1.0,0.0,0.0,0.0,0.0,0.0,0.0,1
680,0,0,0,56,6,1538,1,2,1,1,0,0,0,0,0,1,0,0,0,0,0,0,1,0,0,1,0,1,0.0,1.0,0.0,0.0,0.0,0.0,0.0,0.0,0.0,0.0,1
193,1,0,0,29,6,2108,2,2,1,1,0,0,0,0,0,1,0,0,0,0,0,0,0,1,0,0,1,1,0.0,0.0,1.0,0.0,0.0,0.0,0.0,0.0,0.0,0.0,1
750,0,0,0,49,6,428,2,1,1,1,1,0,0,0,0,1,0,0,1,0,0,0,1,0,0,0,1,1,0.0,0.0,0.0,1.0,0.0,0.0,0.0,0.0,0.0,0.0,1
181,1,0,0,30,36,4455,2,2,2,1,1,1,0,0,0,0,0,0,0,0,0,0,1,0,0,0,0,1,1.0,0.0,0.0,0.0,0.0,0.0,0.0,0.0,0.0,0.0,0
535,1,0,0,33,21,2319,2,1,1,1,0,1,1,0,0,1,0,1,0,0,0,0,0,1,0,1,0,1,0.0,1.0,0.0,0.0,0.0,0.0,0.0,0.0,0.0,0.0,0
484,1,0,1,44,12,1163,4,4,1,1,1,0,0,1,1,1,0,1,0,0,0,0,1,0,0,0,0,1,0.0,0.0,0.0,0.0,0.0,1.0,0.0,0.0,0.0,0.0,1
200,1,0,1,52,9,936,4,2,2,1,1,0,0,1,1,1,0,1,0,0,0,0,1,0,0,0,1,1,0.0,1.0,0.0,0.0,0.0,0.0,0.0,0.0,0.0,0.0,1
364,1,0,1,25,18,2473,4,1,1,1,0,0,0,0,0,1,0,0,0,0,0,0,1,0,1,0,0,0,0.0,0.0,0.0,1.0,0.0,0.0,0.0,0.0,0.0,0.0,0
991,1,0,1,34,15,1569,4,4,1,2,0,0,0,1,0,1,1,0,1,0,0,0,1,0,0,0,1,0,0.0,0.0,1.0,0.0,0.0,0.0,0.0,0.0,0.0,0.0,1
462,0,0,0,34,12,3017,3,1,1,1,0,1,0,0,0,1,0,0,0,0,0,0,0,1,0,1,0,1,0.0,0.0,0.0,1.0,0.0,0.0,0.0,0.0,0.0,0.0,1
356,1,0,1,49,12,2331,1,4,1,1,1,0,0,0,0,1,0,1,0,0,1,0,1,0,0,0,1,1,0.0,0.0,1.0,0.0,0.0,0.0,0.0,0.0,0.0,0.0,1
2,1,0,1,49,12,2096,2,3,1,2,0,0,0,0,0,1,0,1,0,0,0,0,1,0,0,0,1,0,0.0,1.0,0.0,0.0,0.0,0.0,0.0,0.0,0.0,0.0,1
478,1,0,1,39,12,1037,3,4,1,1,0,1,0,1,0,1,0,0,0,0,0,0,1,0,0,0,1,0,1.0,0.0,0.0,0.0,0.0,0.0,0.0,0.0,0.0,0.0,1
695,1,0,1,50,6,1236,2,4,1,1,0,0,0,1,1,1,0,0,0,0,0,0,0,1,0,0,0,1,0.0,0.0,0.0,0.0,0.0,0.0,0.0,0.0,0.0,1.0,1
253,1,0,1,35,24,4151,2,3,2,1,0,0,0,1,0,0,0,0,0,0,0,0,1,0,0,0,0,1,0.0,0.0,0.0,1.0,0.0,0.0,0.0,0.0,0.0,0.0,1
667,0,0,0,27,48,3609,1,1,1,1,0,0,0,0,0,1,1,0,0,0,0,0,1,0,0,0,0,1,1.0,0.0,0.0,0.0,0.0,0.0,0.0,0.0,0.0,0.0,1
85,0,0,0,29,12,1412,4,2,2,1,1,0,0,0,0,1,0,1,0,0,0,1,1,0,0,0,0,1,1.0,0.0,0.0,0.0,0.0,0.0,0.0,0.0,0.0,0.0,1
969,1,0,1,40,11,3939,1,2,2,2,0,0,0,0,0,1,0,1,0,0,0,0,1,0,0,0,0,0,0.0,0.0,0.0,0.0,0.0,1.0,0.0,0.0,0.0,0.0,1
75,1,0,1,66,12,1526,4,4,2,1,0,0,0,0,0,1,0,1,0,0,0,0,0,0,0,0,1,1,0.0,0.0,0.0,0.0,0.0,0.0,0.0,0.0,0.0,1.0,1
786,1,0,1,40,22,2675,3,4,1,1,0,0,0,1,1,1,0,0,0,0,0,0,1,0,0,0,1,1,0.0,0.0,1.0,0.0,0.0,0.0,0.0,0.0,0.0,0.0,1
658,0,0,0,28,30,4221,2,1,2,1,0,1,0,0,0,1,0,0,0,0,0,0,1,0,0,0,0,1,1.0,0.0,0.0,0.0,0.0,0.0,0.0,0.0,0.0,0.0,1
465,1,0,1,63,24,2924,3,4,1,2,1,0,0,0,0,1,0,0,1,0,0,1,1,0,0,0,0,1,0.0,0.0,0.0,0.0,0.0,0.0,0.0,0.0,0.0,1.0,1
920,0,0,0,28,18,1817,4,2,2,1,0,0,0,0,0,1,0,1,0,0,0,0,1,0,0,0,0,1,0.0,0.0,0.0,1.0,0.0,0.0,0.0,0.0,0.0,0.0,1
38,1,0,1,37,10,1225,2,2,1,1,1,1,1,0,0,1,0,0,0,0,0,0,1,0,0,0,0,1,0.0,0.0,0.0,0.0,1.0,0.0,0.0,0.0,0.0,0.0,1
944,0,0,0,46,15,1845,4,1,1,1,0,0,0,0,0,1,0,0,0,0,0,1,0,1,0,1,0,1,0.0,0.0,0.0,1.0,0.0,0.0,0.0,0.0,0.0,0.0,1
725,0,0,0,41,6,250,2,2,2,1,0,0,0,1,1,1,0,1,1,0,0,0,1,0,0,0,0,0,0.0,0.0,0.0,0.0,0.0,1.0,0.0,0.0,0.0,0.0,1
436,1,0,0,23,6,660,2,4,1,1,0,0,0,1,1,1,0,0,0,0,0,0,0,1,0,0,1,0,0.0,0.0,0.0,0.0,0.0,0.0,0.0,1.0,0.0,0.0,1
140,1,1,0,27,6,709,2,2,1,1,0,1,1,1,1,1,0,0,0,0,0,0,1,0,0,1,0,0,0.0,0.0,0.0,0.0,0.0,1.0,0.0,0.0,0.0,0.0,1
818,1,0,0,43,36,15857,2,3,1,1,0,0,0,0,0,1,0,0,0,0,1,0,1,0,1,0,0,1,0.0,0.0,0.0,0.0,0.0,0.0,1.0,0.0,0.0,0.0,1
602,0,0,0,34,24,1837,4,4,1,1,0,1,0,0,0,1,1,0,1,0,0,0,0,0,0,0,1,0,0.0,1.0,0.0,0.0,0.0,0.0,0.0,0.0,0.0,0.0,0
745,1,0,1,28,13,1797,3,1,2,1,0,0,0,0,0,1,0,1,1,0,0,0,1,0,0,1,0,0,1.0,0.0,0.0,0.0,0.0,0.0,0.0,0.0,0.0,0.0,1
471,0,0,0,23,6,448,4,4,1,1,0,0,0,0,0,1,0,0,0,0,0,0,1,0,0,1,0,1,0.0,1.0,0.0,0.0,0.0,0.0,0.0,0.0,0.0,0.0,0
342,1,0,0,25,18,3213,1,3,1,1,0,1,0,1,1,1,0,0,0,0,0,0,0,1,0,1,0,1,0.0,0.0,1.0,0.0,0.0,0.0,0.0,0.0,0.0,0.0,1
416,1,0,1,33,12,2579,4,1,1,2,0,0,0,0,0,1,0,0,0,0,0,0,1,0,0,1,0,0,0.0,0.0,0.0,0.0,0.0,1.0,0.0,0.0,0.0,0.0,0
711,0,0,0,35,6,1198,4,4,1,1,0,0,0,0,0,1,1,0,0,0,0,0,0,0,0,0,1,1,0.0,1.0,0.0,0.0,0.0,0.0,0.0,0.0,0.0,0.0,0
557,0,0,0,29,21,5003,1,4,2,1,1,0,0,0,0,1,0,0,1,0,0,0,1,0,0,0,0,1,0.0,0.0,0.0,0.0,0.0,1.0,0.0,0.0,0.0,0.0,0
50,1,0,1,29,24,2333,4,2,1,1,0,1,0,0,0,0,0,0,1,0,0,0,1,0,0,1,0,0,0.0,0.0,0.0,1.0,0.0,0.0,0.0,0.0,0.0,0.0,1
162,1,0,1,36,15,1262,4,3,2,1,1,0,0,1,1,1,0,0,0,0,0,0,1,0,0,0,1,1,0.0,0.0,0.0,0.0,1.0,0.0,0.0,0.0,0.0,0.0,1
765,1,0,0,40,12,1155,3,3,2,1,0,1,0,0,0,1,0,0,1,0,0,1,1,0,0,0,1,0,0.0,0.0,1.0,0.0,0.0,0.0,0.0,0.0,0.0,0.0,1
856,0,0,0,40,10,894,4,3,1,1,1,0,0,0,0,1,0,0,0,0,0,0,1,0,0,0,1,1,0.0,0.0,0.0,0.0,0.0,0.0,0.0,0.0,1.0,0.0,1
867,1,0,1,42,12,3331,2,4,1,1,0,0,0,0,0,1,0,1,0,0,0,0,1,0,0,0,1,1,0.0,0.0,0.0,1.0,0.0,0.0,0.0,0.0,0.0,0.0,1
524,0,0,0,26,18,1113,4,4,1,2,0,1,0,0,0,1,0,0,0,0,0,1,1,0,0,0,0,0,0.0,0.0,1.0,0.0,0.0,0.0,0.0,0.0,0.0,0.0,1
443,1,0,1,41,12,719,4,4,1,2,0,0,0,0,0,1,0,0,1,0,0,0,1,0,0,0,1,0,0.0,1.0,0.0,0.0,0.0,0.0,0.0,0.0,0.0,0.0,0
172,0,0,0,34,24,2064,3,2,1,1,1,1,0,0,0,0,0,0,0,0,0,0,1,0,1,0,0,1,0.0,0.0,0.0,1.0,0.0,0.0,0.0,0.0,0.0,0.0,0
956,1,0,1,49,30,3656,4,4,2,1,0,1,1,0,0,1,0,1,0,0,0,0,1,0,0,0,1,0,0.0,0.0,1.0,0.0,0.0,0.0,0.0,0.0,0.0,0.0,1
330,1,0,1,75,24,6615,2,4,2,1,1,0,0,0,0,1,0,1,0,0,0,0,0,0,1,0,0,1,0.0,0.0,0.0,0.0,0.0,0.0,0.0,0.0,0.0,1.0,1
352,1,0,1,38,18,3229,2,4,1,1,1,0,0,0,0,1,0,1,0,0,0,0,1,0,1,0,0,1,0.0,0.0,0.0,0.0,0.0,0.0,0.0,0.0,0.0,1.0,1
857,1,0,1,28,15,3343,4,2,1,1,1,0,0,0,0,1,0,1,0,0,0,0,0,0,0,0,0,1,0.0,0.0,0.0,1.0,0.0,0.0,0.0,0.0,0.0,0.0,1
766,1,0,0,31,30,3108,2,4,1,1,0,0,0,0,0,1,0,0,0,0,0,0,1,0,0,1,0,0,0.0,0.0,0.0,1.0,0.0,0.0,0.0,0.0,0.0,0.0,0
39,1,0,1,24,9,458,4,3,1,1,0,1,0,0,0,1,0,0,0,0,0,0,1,0,0,0,0,1,0.0,0.0,1.0,0.0,0.0,0.0,0.0,0.0,0.0,0.0,1
852,1,0,1,35,15,1471,4,4,2,1,1,0,0,0,0,1,0,1,0,0,0,0,0,0,0,0,0,1,0.0,0.0,1.0,0.0,0.0,0.0,0.0,0.0,0.0,0.0,1
875,0,0,0,40,11,1322,4,4,2,1,0,1,0,1,1,1,0,1,0,0,0,0,1,0,0,0,0,1,0.0,0.0,0.0,0.0,0.0,1.0,0.0,0.0,0.0,0.0,1
156,1,1,1,48,9,1288,3,4,2,2,0,0,0,1,0,1,0,1,0,0,0,1,1,0,0,0,1,1,0.0,0.0,0.0,0.0,0.0,0.0,0.0,1.0,0.0,0.0,1
222,1,0,1,30,12,707,4,2,2,1,0,0,0,0,0,1,0,0,1,0,0,0,1,0,0,0,0,1,0.0,0.0,1.0,0.0,0.0,0.0,0.0,0.0,0.0,0.0,1
641,1,0,1,38,15,1308,4,4,2,1,0,1,0,0,0,1,0,0,0,0,0,0,1,0,0,0,1,0,0.0,0.0,0.0,0.0,0.0,0.0,0.0,1.0,0.0,0.0,1
210,1,0,1,33,9,3074,1,2,2,2,0,0,0,0,0,1,0,1,0,0,0,0,1,0,0,0,0,1,0.0,0.0,1.0,0.0,0.0,0.0,0.0,0.0,0.0,0.0,1
746,0,0,0,23,15,2511,1,4,1,1,0,0,0,0,0,1,0,0,0,0,0,0,0,1,1,0,0,1,0.0,0.0,0.0,0.0,0.0,1.0,0.0,0.0,0.0,0.0,1
960,1,0,0,30,6,1740,2,2,2,1,0,0,0,0,0,1,0,1,0,0,0,0,0,1,0,0,1,1,0.0,0.0,1.0,0.0,0.0,0.0,0.0,0.0,0.0,0.0,1
700,0,0,0,29,12,1123,4,4,1,1,0,0,0,1,1,1,0,0,0,0,0,0,0,1,0,0,0,0,0.0,0.0,0.0,1.0,0.0,0.0,0.0,0.0,0.0,0.0,0
167,0,0,0,20,11,1577,4,1,1,1,0,1,0,1,1,1,0,0,0,0,0,0,1,0,0,1,0,1,0.0,0.0,0.0,1.0,0.0,0.0,0.0,0.0,0.0,0.0,1
998,1,0,1,23,45,1845,4,4,1,1,1,0,0,0,0,1,0,0,0,0,0,0,0,0,0,0,0,1,0.0,0.0,1.0,0.0,0.0,0.0,0.0,0.0,0.0,0.0,0
984,1,0,1,30,24,2028,2,2,2,1,0,0,0,0,0,1,0,1,0,0,0,0,1,0,0,0,1,0,0.0,0.0,0.0,1.0,0.0,0.0,0.0,0.0,0.0,0.0,1
491,0,0,0,42,27,8318,2,4,2,1,1,1,0,0,0,1,0,0,0,0,0,0,0,0,0,0,1,1,1.0,0.0,0.0,0.0,0.0,0.0,0.0,0.0,0.0,0.0,0
10,0,0,0,25,12,1295,3,1,1,1,0,1,0,0,0,1,0,0,0,0,0,0,0,1,0,1,0,1,0.0,0.0,0.0,0.0,0.0,1.0,0.0,0.0,0.0,0.0,0
105,1,0,1,39,24,11938,2,3,2,2,1,1,0,0,0,1,0,1,0,0,1,0,1,0,0,0,0,1,0.0,0.0,0.0,0.0,0.0,0.0,1.0,0.0,0.0,0.0,0
68,1,0,1,37,36,1819,4,4,1,1,1,0,0,0,0,1,0,0,0,0,0,0,0,0,0,0,0,1,0.0,1.0,0.0,0.0,0.0,0.0,0.0,0.0,0.0,0.0,0
479,1,0,1,44,15,1478,4,4,2,2,1,0,0,0,0,1,0,1,0,0,0,0,1,0,0,0,1,1,0.0,0.0,0.0,1.0,0.0,0.0,0.0,0.0,0.0,0.0,1
399,0,0,0,43,24,1516,4,1,2,1,0,0,0,1,1,1,0,1,0,0,0,0,1,0,0,0,0,0,0.0,0.0,1.0,0.0,0.0,0.0,0.0,0.0,0.0,0.0,1
434,1,0,1,25,9,2136,3,2,1,1,0,0,0,0,0,1,0,0,0,0,0,0,1,0,0,0,0,1,0.0,0.0,0.0,1.0,0.0,0.0,0.0,0.0,0.0,0.0,1
258,0,0,0,23,15,3812,1,4,1,1,1,0,0,1,0,1,0,0,0,0,0,0,1,0,0,1,0,1,0.0,0.0,0.0,0.0,0.0,0.0,0.0,0.0,0.0,1.0,1
827,1,0,1,36,18,4165,2,2,2,2,0,0,0,0,0,1,0,0,0,0,0,0,1,0,0,0,0,1,1.0,0.0,0.0,0.0,0.0,0.0,0.0,0.0,0.0,0.0,0
884,1,0,0,43,24,4057,3,3,1,1,1,1,0,0,0,1,0,0,0,0,0,0,1,0,0,0,1,1,0.0,0.0,0.0,1.0,0.0,0.0,0.0,0.0,0.0,0.0,0
304,1,0,1,44,48,10127,2,2,1,1,0,0,0,1,1,1,0,1,1,0,0,0,0,0,0,0,0,1,0.0,0.0,0.0,0.0,0.0,1.0,0.0,0.0,0.0,0.0,0
811,1,0,0,28,6,484,3,3,1,1,0,1,0,0,0,1,0,0,1,0,0,1,1,0,0,0,1,0,0.0,0.0,1.0,0.0,0.0,0.0,0.0,0.0,0.0,0.0,1
938,1,0,1,42,60,6288,4,4,1,1,0,1,0,0,0,1,0,0,0,0,0,0,0,0,0,0,0,1,0.0,1.0,0.0,0.0,0.0,0.0,0.0,0.0,0.0,0.0,0
924,1,0,0,55,24,6872,2,1,1,1,1,0,0,0,0,1,1,0,1,0,0,0,1,0,0,1,0,1,0.0,0.0,0.0,1.0,0.0,0.0,0.0,0.0,0.0,0.0,0
526,0,0,0,31,15,1532,4,3,1,1,0,0,0,1,0,1,0,1,0,0,0,0,1,0,0,0,0,1,0.0,1.0,0.0,0.0,0.0,0.0,0.0,0.0,0.0,0.0,1
20,1,0,1,48,9,2134,4,4,3,1,1,0,0,0,0,1,0,1,0,0,0,0,1,0,0,0,0,1,0.0,0.0,0.0,0.0,0.0,1.0,0.0,0.0,0.0,0.0,1
905,1,0,1,20,12,1107,2,2,1,2,1,0,0,0,0,1,0,0,0,0,0,0,0,1,0,0,0,1,0.0,0.0,1.0,0.0,0.0,0.0,0.0,0.0,0.0,0.0,1
380,1,0,1,39,20,2212,4,4,1,1,1,0,0,0,0,1,0,0,0,0,0,0,1,0,0,0,1,1,0.0,0.0,0.0,1.0,0.0,0.0,0.0,0.0,0.0,0.0,1
420,0,0,0,20,15,3186,2,3,1,1,0,0,0,1,1,1,0,0,0,0,0,0,0,1,0,0,1,1,0.0,0.0,0.0,0.0,0.0,1.0,0.0,0.0,0.0,0.0,1
285,0,0,0,35,47,10722,1,1,1,1,1,0,0,0,0,1,0,0,0,0,0,0,1,0,0,1,0,0,0.0,0.0,0.0,0.0,0.0,1.0,0.0,0.0,0.0,0.0,1
71,1,0,1,46,7,730,4,2,2,1,1,0,0,0,0,1,0,1,0,0,0,0,0,1,0,0,1,0,0.0,0.0,1.0,0.0,0.0,0.0,0.0,0.0,0.0,0.0,1
49,0,0,0,28,12,2073,4,2,1,1,0,0,0,1,0,1,0,0,0,0,1,0,1,0,0,0,0,1,0.0,0.0,1.0,0.0,0.0,0.0,0.0,0.0,0.0,0.0,1
179,1,0,1,65,21,571,4,4,2,1,0,0,0,0,0,1,0,1,0,0,0,0,1,0,0,0,1,1,0.0,0.0,0.0,0.0,0.0,1.0,0.0,0.0,0.0,0.0,1
506,1,0,1,36,15,2360,2,2,1,1,1,1,1,1,1,1,0,1,0,0,0,0,1,0,0,0,0,1,0.0,0.0,0.0,0.0,0.0,0.0,0.0,0.0,0.0,1.0,1
929,1,0,1,43,12,1344,4,2,2,2,0,0,0,0,0,0,0,0,0,0,0,0,1,0,0,0,0,0,0.0,0.0,0.0,0.0,0.0,1.0,0.0,0.0,0.0,0.0,1
116,0,0,0,30,42,7174,4,3,1,1,1,0,0,0,0,1,0,0,0,0,0,0,1,0,0,0,1,1,0.0,0.0,1.0,0.0,0.0,0.0,0.0,0.0,0.0,0.0,0
293,1,0,1,56,42,4796,4,4,1,1,0,1,1,0,0,1,0,1,0,0,0,0,0,0,0,0,1,1,0.0,0.0,0.0,0.0,0.0,0.0,0.0,0.0,0.0,1.0,1
76,1,0,1,34,42,3965,4,3,1,1,0,0,0,0,0,1,0,0,0,0,0,0,1,0,0,1,0,1,0.0,0.0,1.0,0.0,0.0,0.0,0.0,0.0,0.0,0.0,0
48,1,0,1,39,11,7228,1,4,2,1,0,0,0,0,0,1,0,1,0,0,0,0,1,0,0,0,0,0,0.0,0.0,0.0,0.0,0.0,1.0,0.0,0.0,0.0,0.0,1
503,1,0,1,38,24,1216,4,4,2,2,0,1,0,1,0,1,0,1,1,0,0,0,1,0,0,1,0,1,0.0,0.0,1.0,0.0,0.0,0.0,0.0,0.0,0.0,0.0,0
263,0,0,0,57,12,2748,2,4,3,1,0,0,0,0,0,1,0,1,1,0,0,0,0,0,0,0,1,0,0.0,1.0,0.0,0.0,0.0,0.0,0.0,0.0,0.0,0.0,1
808,1,0,1,55,42,9283,1,2,1,1,1,1,0,0,0,1,1,0,1,0,0,0,0,0,1,0,0,1,0.0,0.0,0.0,0.0,0.0,0.0,0.0,0.0,0.0,1.0,1
863,1,0,1,32,27,4526,4,2,2,2,1,0,0,1,1,1,0,1,0,0,0,0,1,0,0,1,0,0,0.0,0.0,0.0,1.0,0.0,0.0,0.0,0.0,0.0,0.0,1
748,1,0,1,26,21,5248,1,3,1,1,0,0,0,0,0,1,0,0,0,0,0,0,1,0,0,0,0,1,0.0,0.0,0.0,0.0,0.0,0.0,0.0,0.0,0.0,1.0,1
64,0,0,0,26,24,3181,4,4,1,1,1,0,0,0,0,1,0,0,0,0,0,0,1,0,0,1,0,1,0.0,0.0,1.0,0.0,0.0,0.0,0.0,0.0,0.0,0.0,1
798,1,0,0,54,24,717,4,4,2,1,1,0,0,0,0,0,0,0,0,0,0,0,1,0,0,0,1,1,0.0,0.0,0.0,0.0,0.0,1.0,0.0,0.0,0.0,0.0,1
52,1,0,1,25,12,1262,3,2,1,1,0,0,0,0,0,1,0,0,0,0,0,0,1,0,0,0,0,1,0.0,0.0,1.0,0.0,0.0,0.0,0.0,0.0,0.0,0.0,1
440,1,0,1,39,12,1884,4,4,1,1,1,0,0,0,0,1,0,0,0,0,0,0,1,0,0,0,1,1,0.0,0.0,0.0,0.0,0.0,1.0,0.0,0.0,0.0,0.0,1
124,0,0,0,27,18,1924,4,3,1,1,0,1,0,0,0,1,0,0,0,0,0,0,0,1,0,1,0,1,0.0,0.0,0.0,1.0,0.0,0.0,0.0,0.0,0.0,0.0,0
650,1,0,1,50,48,7476,4,1,1,1,1,0,0,0,0,1,0,0,0,0,0,0,0,0,0,0,1,1,0.0,1.0,0.0,0.0,0.0,0.0,0.0,0.0,0.0,0.0,1
409,1,0,0,28,12,939,4,2,3,1,1,1,1,1,1,1,0,1,0,0,0,0,1,0,0,0,1,1,0.0,0.0,0.0,0.0,0.0,1.0,0.0,0.0,0.0,0.0,0
752,0,0,0,23,12,841,2,4,1,1,0,1,0,1,0,1,0,0,0,0,0,0,0,1,0,0,1,0,1.0,0.0,0.0,0.0,0.0,0.0,0.0,0.0,0.0,0.0,1
952,0,0,0,28,24,4113,3,4,1,1,0,1,0,1,1,1,0,0,0,0,0,0,0,1,0,1,0,1,0.0,0.0,0.0,0.0,0.0,0.0,0.0,0.0,0.0,1.0,0
477,1,0,1,25,24,5152,4,2,1,1,0,1,1,0,0,1,0,0,1,0,0,0,1,0,0,0,1,1,0.0,0.0,1.0,0.0,0.0,0.0,0.0,0.0,0.0,0.0,1
118,0,0,0,23,33,4281,1,4,2,1,0,0,0,1,1,1,0,1,0,0,0,0,1,0,0,0,0,1,0.0,0.0,0.0,1.0,0.0,0.0,0.0,0.0,0.0,0.0,0
12,0,0,0,22,12,1567,1,1,1,1,1,1,0,0,0,1,0,0,0,0,0,0,1,0,0,0,0,1,0.0,0.0,1.0,0.0,0.0,0.0,0.0,0.0,0.0,0.0,1
157,1,0,0,45,12,339,4,1,1,1,0,0,0,0,0,1,1,0,1,0,0,0,1,0,0,0,1,0,0.0,0.0,0.0,0.0,0.0,0.0,0.0,0.0,1.0,0.0,1
337,0,0,0,24,15,1275,4,2,1,1,0,0,0,0,0,1,0,0,0,0,0,0,0,1,0,0,0,1,0.0,0.0,0.0,0.0,1.0,0.0,0.0,0.0,0.0,0.0,0
127,1,0,1,30,12,639,4,2,1,1,0,1,0,0,0,1,0,0,0,0,0,0,1,0,0,0,0,1,0.0,0.0,0.0,0.0,0.0,0.0,0.0,1.0,0.0,0.0,0
46,1,0,1,39,36,2299,4,4,1,1,0,0,0,1,1,1,0,0,0,0,0,0,1,0,0,0,1,1,0.0,0.0,1.0,0.0,0.0,0.0,0.0,0.0,0.0,0.0,1
235,1,0,1,30,24,1823,4,2,1,2,0,0,0,0,0,1,0,0,0,0,0,0,1,0,1,0,0,1,0.0,0.0,1.0,0.0,0.0,0.0,0.0,0.0,0.0,0.0,0
538,1,0,1,42,48,7763,4,4,1,1,0,0,0,0,0,1,0,0,1,0,0,0,0,0,0,0,1,1,0.0,0.0,0.0,0.0,0.0,1.0,0.0,0.0,0.0,0.0,0
241,1,0,1,51,6,1595,3,2,1,2,0,0,0,0,0,1,0,0,0,0,0,0,1,0,0,0,1,1,0.0,0.0,1.0,0.0,0.0,0.0,0.0,0.0,0.0,0.0,1
590,0,0,0,58,12,385,4,3,4,1,1,0,0,0,0,1,0,1,0,0,0,0,1,0,0,0,1,0,0.0,0.0,1.0,0.0,0.0,0.0,0.0,0.0,0.0,0.0,1
358,1,0,0,28,12,776,4,2,1,1,0,0,0,0,0,1,0,0,0,0,0,0,1,0,0,0,0,1,0.0,0.0,1.0,0.0,0.0,0.0,0.0,0.0,0.0,0.0,1
959,1,0,1,30,24,3069,4,4,1,1,0,1,0,1,0,1,0,0,0,0,0,0,0,0,0,0,1,1,0.0,0.0,0.0,1.0,0.0,0.0,0.0,0.0,0.0,0.0,1
848,1,0,1,59,9,1364,3,4,1,1,0,0,0,0,0,1,0,0,0,0,0,0,1,0,0,0,1,1,0.0,0.0,1.0,0.0,0.0,0.0,0.0,0.0,0.0,0.0,1
792,1,0,0,27,6,1221,1,2,2,1,0,0,0,0,0,1,0,1,0,0,0,0,1,0,0,0,0,1,0.0,0.0,0.0,1.0,0.0,0.0,0.0,0.0,0.0,0.0,1
325,1,1,1,39,8,3398,1,4,2,1,0,0,0,0,0,1,0,1,0,0,0,0,1,0,0,0,1,0,0.0,0.0,0.0,0.0,0.0,1.0,0.0,0.0,0.0,0.0,1
899,1,0,1,42,18,4153,2,3,1,1,0,0,0,0,0,1,0,0,0,0,1,0,1,0,0,0,0,1,0.0,0.0,0.0,1.0,0.0,0.0,0.0,0.0,0.0,0.0,0
809,0,0,0,26,15,1778,2,1,2,1,0,1,0,0,0,1,0,0,0,0,0,0,0,1,0,1,0,0,0.0,0.0,0.0,0.0,0.0,1.0,0.0,0.0,0.0,0.0,0
350,0,0,0,23,9,1236,1,4,1,1,1,0,0,0,0,1,0,0,0,0,0,0,0,1,0,1,0,1,0.0,0.0,0.0,0.0,1.0,0.0,0.0,0.0,0.0,0.0,1
363,1,0,0,21,6,1766,1,2,1,1,0,0,0,0,0,1,0,0,0,0,0,0,0,1,0,0,0,1,0.0,0.0,0.0,1.0,0.0,0.0,0.0,0.0,0.0,0.0,1
17,1,0,1,25,30,8072,2,3,3,1,0,0,0,0,0,1,0,0,1,0,0,0,1,0,0,1,0,1,1.0,0.0,0.0,0.0,0.0,0.0,0.0,0.0,0.0,0.0,1
186,0,0,0,74,9,5129,2,4,1,2,1,1,0,0,0,1,1,0,1,0,0,0,0,0,0,0,1,1,0.0,0.0,0.0,0.0,0.0,0.0,0.0,0.0,0.0,1.0,0
402,1,0,1,27,24,8648,2,2,2,1,1,0,0,0,0,0,0,0,1,0,0,0,1,0,0,1,0,1,1.0,0.0,0.0,0.0,0.0,0.0,0.0,0.0,0.0,0.0,0
338,1,0,1,28,24,4169,4,4,1,1,0,0,0,0,0,1,0,0,0,0,0,0,1,0,0,0,0,1,0.0,0.0,0.0,1.0,0.0,0.0,0.0,0.0,0.0,0.0,1
206,1,0,1,43,12,1935,4,4,3,1,1,0,0,0,0,1,0,1,0,0,0,0,1,0,0,0,1,1,0.0,0.0,0.0,1.0,0.0,0.0,0.0,0.0,0.0,0.0,1
963,1,0,1,35,24,2397,3,2,2,1,1,0,0,1,1,1,0,0,1,0,0,0,1,0,0,0,1,1,0.0,0.0,1.0,0.0,0.0,0.0,0.0,0.0,0.0,0.0,0
345,0,0,0,43,15,1459,4,2,1,1,0,0,0,0,0,1,0,1,0,0,0,0,1,0,0,0,0,0,0.0,0.0,1.0,0.0,0.0,0.0,0.0,0.0,0.0,0.0,1
313,1,0,0,25,12,685,2,3,1,1,0,1,0,0,0,1,0,0,1,0,0,0,1,0,0,0,1,0,0.0,0.0,0.0,0.0,0.0,1.0,0.0,0.0,0.0,0.0,0
242,1,0,1,24,48,4605,3,4,2,2,0,0,0,0,0,1,0,0,0,0,0,0,0,0,0,0,1,1,0.0,0.0,0.0,0.0,0.0,0.0,0.0,0.0,0.0,1.0,0
913,1,0,0,28,11,2142,1,2,1,1,1,0,0,1,1,1,0,0,0,0,0,0,1,0,0,0,1,1,1.0,0.0,0.0,0.0,0.0,0.0,0.0,0.0,0.0,0.0,1
170,1,0,1,33,15,950,4,3,2,2,0,0,0,0,0,1,0,0,0,0,0,0,0,1,0,0,1,1,0.0,0.0,0.0,0.0,0.0,1.0,0.0,0.0,0.0,0.0,0
187,1,0,1,68,16,1175,2,3,3,1,1,1,0,0,0,1,0,1,0,0,0,0,0,0,1,0,0,0,0.0,0.0,0.0,0.0,0.0,1.0,0.0,0.0,0.0,0.0,1
934,0,0,0,23,12,1498,4,1,1,1,0,0,0,0,0,1,0,0,1,0,0,0,1,0,0,0,0,1,0.0,0.0,1.0,0.0,0.0,0.0,0.0,0.0,0.0,0.0,1
133,1,0,1,47,18,1984,4,4,2,1,0,0,0,0,0,1,0,0,1,0,0,0,0,0,0,0,0,1,0.0,0.0,0.0,1.0,0.0,0.0,0.0,0.0,0.0,0.0,1
301,0,0,0,42,36,3804,4,1,1,1,1,1,0,0,0,1,0,0,0,0,0,0,1,0,0,0,0,1,0.0,0.0,1.0,0.0,0.0,0.0,0.0,0.0,0.0,0.0,0
731,1,0,1,21,24,1987,2,4,1,2,0,0,0,0,0,1,0,0,0,0,0,0,0,1,0,0,0,0,0.0,0.0,1.0,0.0,0.0,0.0,0.0,0.0,0.0,0.0,0
670,1,0,1,27,24,4139,3,3,2,1,1,0,0,1,0,1,0,1,0,0,0,0,1,0,0,0,0,0,1.0,0.0,0.0,0.0,0.0,0.0,0.0,0.0,0.0,0.0,1
318,1,0,1,32,12,701,4,2,2,1,0,0,0,0,0,1,0,1,0,0,0,0,1,0,0,0,0,1,0.0,1.0,0.0,0.0,0.0,0.0,0.0,0.0,0.0,0.0,1
78,1,0,1,39,54,9436,2,2,1,2,0,0,0,0,0,1,0,0,0,0,0,0,1,0,0,0,0,0,0.0,0.0,0.0,0.0,0.0,0.0,0.0,0.0,0.0,1.0,1
521,0,0,0,24,18,3190,2,2,1,1,0,0,0,0,0,1,0,0,0,0,0,0,1,0,0,0,0,1,0.0,0.0,1.0,0.0,0.0,0.0,0.0,0.0,0.0,0.0,0
346,1,0,1,23,13,882,4,4,2,1,0,1,0,0,0,1,0,1,0,0,0,1,1,0,0,1,0,1,0.0,0.0,1.0,0.0,0.0,0.0,0.0,0.0,0.0,0.0,1
198,1,0,1,36,24,2760,4,4,1,1,1,1,0,0,0,1,0,0,1,0,0,0,0,0,0,0,1,1,0.0,0.0,0.0,0.0,0.0,0.0,0.0,0.0,0.0,1.0,1
865,0,0,0,20,15,2221,2,4,1,1,0,0,0,1,1,1,0,0,0,0,0,0,0,1,0,0,0,1,0.0,0.0,0.0,1.0,0.0,0.0,0.0,0.0,0.0,0.0,1
548,0,0,0,24,12,626,4,4,1,1,0,0,0,0,0,1,1,0,1,0,0,0,1,0,0,0,0,0,0.0,0.0,1.0,0.0,0.0,0.0,0.0,0.0,0.0,0.0,0
915,0,1,0,32,48,18424,1,2,1,1,1,1,0,0,0,1,0,0,1,0,0,0,1,0,0,0,0,1,0.0,0.0,0.0,0.0,0.0,0.0,1.0,0.0,0.0,0.0,0
588,1,0,0,47,18,1217,4,3,1,1,1,0,0,0,0,1,0,0,0,0,0,0,1,0,0,0,0,0,0.0,0.0,0.0,0.0,1.0,0.0,0.0,0.0,0.0,0.0,0
447,1,0,1,35,7,2576,2,2,1,1,0,1,0,0,0,1,0,0,0,0,0,1,1,0,0,0,0,1,0.0,0.0,1.0,0.0,0.0,0.0,0.0,0.0,0.0,0.0,1
21,1,0,1,44,6,2647,2,3,1,2,0,0,0,1,1,1,0,0,0,0,0,0,0,1,0,0,0,1,0.0,0.0,1.0,0.0,0.0,0.0,0.0,0.0,0.0,0.0,1
724,0,0,0,21,27,2570,3,3,1,1,0,0,0,0,0,1,0,0,0,0,0,0,0,1,0,0,0,1,0.0,0.0,0.0,0.0,0.0,1.0,0.0,0.0,0.0,0.0,0
718,1,0,1,31,24,3148,3,2,2,1,1,1,1,0,0,1,0,1,0,0,0,0,1,0,0,0,0,1,0.0,0.0,1.0,0.0,0.0,0.0,0.0,0.0,0.0,0.0,1
250,0,0,0,39,6,666,3,4,2,1,1,0,0,1,1,1,0,1,0,0,0,0,1,0,0,0,1,0,0.0,0.0,0.0,0.0,0.0,1.0,0.0,0.0,0.0,0.0,1
243,0,0,0,27,12,1185,3,2,2,1,0,0,0,0,0,1,0,1,0,0,0,0,1,0,0,0,0,1,1.0,0.0,0.0,0.0,0.0,0.0,0.0,0.0,0.0,0.0,1
571,1,0,1,38,30,5954,3,2,1,1,0,0,0,0,0,1,0,1,0,0,1,0,1,0,0,0,1,1,0.0,0.0,1.0,0.0,0.0,0.0,0.0,0.0,0.0,0.0,1
35,1,0,1,25,45,4746,4,2,2,1,0,1,0,0,0,1,0,1,0,0,0,0,1,0,0,1,0,0,0.0,0.0,1.0,0.0,0.0,0.0,0.0,0.0,0.0,0.0,0
81,1,0,1,47,15,1213,4,3,1,1,1,0,0,1,1,1,0,0,0,0,0,0,1,0,0,0,1,1,0.0,0.0,1.0,0.0,0.0,0.0,0.0,0.0,0.0,0.0,1
159,1,0,1,34,6,1898,1,2,2,2,0,0,0,0,0,1,0,1,0,0,0,0,1,0,0,0,0,0,0.0,0.0,1.0,0.0,0.0,0.0,0.0,0.0,0.0,0.0,1
333,0,0,0,24,48,11590,2,4,2,1,0,0,0,1,0,1,0,1,1,0,0,0,0,1,0,0,0,0,0.0,0.0,0.0,0.0,0.0,0.0,0.0,0.0,0.0,1.0,0
837,0,0,0,23,4,601,1,3,1,2,0,0,0,0,0,1,0,0,0,0,0,0,0,1,0,1,0,0,0.0,0.0,0.0,1.0,0.0,0.0,0.0,0.0,0.0,0.0,1
474,1,0,0,33,18,1245,4,2,1,1,0,1,0,0,0,1,0,1,0,0,0,0,1,0,0,0,0,1,0.0,0.0,1.0,0.0,0.0,0.0,0.0,0.0,0.0,0.0,0
671,1,0,1,31,36,5742,2,2,2,1,1,0,0,1,0,1,0,0,0,0,0,0,1,0,0,0,1,1,1.0,0.0,0.0,0.0,0.0,0.0,0.0,0.0,0.0,0.0,1
109,1,0,0,35,14,1410,1,2,1,1,1,1,0,1,1,1,0,0,0,0,0,0,1,0,0,0,1,1,1.0,0.0,0.0,0.0,0.0,0.0,0.0,0.0,0.0,0.0,1
661,1,0,0,23,12,900,4,2,1,1,0,0,0,0,0,1,0,0,0,0,0,0,1,0,0,0,0,1,0.0,0.0,0.0,0.0,0.0,1.0,0.0,0.0,0.0,0.0,0
379,0,0,0,52,6,362,4,4,2,1,0,0,0,1,0,1,0,1,0,0,0,0,1,0,0,0,0,0,0.0,0.0,0.0,0.0,0.0,1.0,0.0,0.0,0.0,0.0,1
625,1,0,1,35,15,1979,4,2,1,1,0,0,0,0,0,1,0,0,0,0,0,0,1,0,0,0,1,1,0.0,0.0,1.0,0.0,0.0,0.0,0.0,0.0,0.0,0.0,1
603,0,0,0,28,36,3349,4,2,1,1,1,0,0,0,0,1,0,0,0,0,0,0,1,0,0,0,0,1,0.0,0.0,0.0,1.0,0.0,0.0,0.0,0.0,0.0,0.0,0
92,0,0,0,33,12,797,4,3,1,2,0,0,0,0,0,1,0,1,1,0,0,0,1,0,0,0,1,0,0.0,0.0,1.0,0.0,0.0,0.0,0.0,0.0,0.0,0.0,0
451,0,0,0,29,6,518,3,1,1,1,0,0,0,0,0,1,0,0,0,0,0,0,1,0,0,0,0,1,0.0,0.0,1.0,0.0,0.0,0.0,0.0,0.0,0.0,0.0,1
652,1,0,1,45,24,2303,4,1,1,1,0,0,0,0,0,1,0,0,0,0,1,0,1,0,0,0,1,1,0.0,0.0,0.0,0.0,0.0,1.0,0.0,0.0,0.0,0.0,0
822,1,0,1,41,36,2712,2,2,1,2,0,0,0,0,0,1,0,0,1,0,0,0,1,0,0,0,1,1,0.0,0.0,0.0,1.0,0.0,0.0,0.0,0.0,0.0,0.0,0
855,1,0,0,33,24,1474,4,3,1,1,1,0,0,1,0,1,0,0,0,0,0,0,1,0,0,1,0,1,0.0,0.0,0.0,0.0,0.0,1.0,0.0,0.0,0.0,0.0,1
390,1,0,0,30,18,1820,2,2,1,1,1,0,0,0,0,1,0,0,0,0,0,0,1,0,0,0,0,1,0.0,0.0,0.0,0.0,0.0,1.0,0.0,0.0,0.0,0.0,1
577,0,0,0,33,24,1927,3,2,2,1,1,0,0,0,0,1,0,1,0,0,0,0,1,0,0,0,0,1,0.0,1.0,0.0,0.0,0.0,0.0,0.0,0.0,0.0,0.0,1
985,0,0,0,25,15,1433,4,3,2,1,0,0,0,0,0,1,0,1,0,0,0,0,0,1,0,0,0,1,0.0,0.0,0.0,1.0,0.0,0.0,0.0,0.0,0.0,0.0,1
422,1,0,1,47,12,958,2,3,2,2,0,1,0,0,0,1,0,1,0,0,0,0,1,0,0,0,1,0,0.0,0.0,0.0,0.0,0.0,1.0,0.0,0.0,0.0,0.0,1
211,0,0,0,45,36,3835,2,4,1,1,1,0,0,0,0,1,0,0,0,0,0,0,1,0,0,0,1,0,0.0,0.0,1.0,0.0,0.0,0.0,0.0,0.0,0.0,0.0,1
171,0,0,0,26,12,763,4,1,1,1,1,0,0,0,0,1,0,0,0,0,0,0,1,0,0,0,0,1,0.0,0.0,0.0,1.0,0.0,0.0,0.0,0.0,0.0,0.0,1
165,1,0,1,32,6,2978,1,2,1,1,1,0,0,1,1,1,0,0,0,0,0,0,1,0,0,0,0,1,0.0,0.0,0.0,1.0,0.0,0.0,0.0,0.0,0.0,0.0,1
238,0,0,0,35,12,1291,4,2,2,1,0,0,0,0,0,1,0,1,0,0,0,0,1,0,0,0,0,1,0.0,0.0,1.0,0.0,0.0,0.0,0.0,0.0,0.0,0.0,1
188,1,0,0,20,12,674,4,1,1,1,0,0,0,1,0,1,0,0,0,0,0,0,1,0,0,0,1,1,0.0,0.0,1.0,0.0,0.0,0.0,0.0,0.0,0.0,0.0,0
685,1,0,1,34,60,6527,4,4,1,2,1,0,0,0,0,1,0,0,0,0,0,0,0,0,0,0,0,1,0.0,0.0,0.0,0.0,0.0,1.0,0.0,0.0,0.0,0.0,1
803,1,0,1,35,12,976,4,4,2,1,0,0,0,0,0,1,0,1,0,0,0,0,1,0,0,0,1,1,0.0,0.0,1.0,0.0,0.0,0.0,0.0,0.0,0.0,0.0,1
344,1,0,1,37,10,3949,1,1,1,2,0,1,1,0,0,1,0,0,0,0,0,1,1,0,0,1,0,0,0.0,0.0,0.0,0.0,0.0,1.0,0.0,0.0,0.0,0.0,1
741,1,0,1,23,10,1048,4,4,1,1,0,1,0,0,0,1,1,0,0,0,0,0,1,0,0,0,0,0,0.0,0.0,1.0,0.0,0.0,0.0,0.0,0.0,0.0,0.0,1
453,1,0,1,35,24,2670,4,4,1,1,1,0,0,0,0,1,0,0,0,0,0,0,1,0,0,0,1,1,0.0,0.0,0.0,0.0,0.0,0.0,0.0,0.0,0.0,1.0,1
646,1,0,0,32,30,4583,2,2,2,1,0,0,0,0,0,1,0,0,0,0,0,1,1,0,0,0,0,1,0.0,0.0,0.0,1.0,0.0,0.0,0.0,0.0,0.0,0.0,1
830,1,0,1,44,24,2375,4,2,2,2,1,0,0,1,1,0,0,0,0,0,0,0,1,0,0,0,0,1,1.0,0.0,0.0,0.0,0.0,0.0,0.0,0.0,0.0,0.0,1
155,0,0,0,20,12,1282,2,4,1,1,0,0,0,0,0,1,0,0,0,0,0,0,0,1,0,0,0,1,0.0,0.0,0.0,1.0,0.0,0.0,0.0,0.0,0.0,0.0,0
487,0,0,0,62,24,3757,4,4,1,1,1,0,0,0,0,1,0,0,0,0,1,0,0,0,0,0,1,1,0.0,0.0,0.0,0.0,0.0,1.0,0.0,0.0,0.0,0.0,1
597,1,0,1,36,24,4241,1,4,3,1,1,1,0,0,0,1,0,0,0,0,0,0,1,0,0,0,0,0,1.0,0.0,0.0,0.0,0.0,0.0,0.0,0.0,0.0,0.0,0
988,1,0,1,29,24,6579,4,2,1,1,1,0,0,0,0,1,0,0,0,0,0,0,0,0,1,0,0,1,0.0,0.0,0.0,0.0,0.0,0.0,0.0,0.0,0.0,1.0,1
125,1,0,1,30,12,2121,4,2,2,1,0,0,0,0,0,1,0,1,0,0,0,0,1,0,0,0,0,1,0.0,0.0,0.0,0.0,0.0,1.0,0.0,0.0,0.0,0.0,1
66,0,0,0,29,12,2171,2,2,1,1,0,0,0,0,0,1,0,0,1,0,0,0,1,0,0,1,0,1,0.0,0.0,1.0,0.0,0.0,0.0,0.0,0.0,0.0,0.0,1
908,0,0,0,46,15,3594,1,2,2,1,0,0,0,0,0,0,0,0,0,0,0,0,1,0,0,1,0,0,0.0,0.0,0.0,0.0,0.0,0.0,0.0,0.0,0.0,1.0,1
511,1,0,1,32,36,4686,2,2,1,1,1,0,0,0,0,1,0,0,0,0,0,0,0,0,0,0,0,1,0.0,0.0,0.0,0.0,0.0,0.0,0.0,0.0,0.0,1.0,1
224,1,0,1,30,15,4657,3,2,1,1,1,0,0,0,0,1,0,0,0,0,0,0,1,0,0,0,0,1,0.0,0.0,0.0,0.0,0.0,0.0,0.0,0.0,0.0,1.0,1
268,1,1,0,45,14,8978,1,4,1,1,1,0,0,0,0,1,0,0,0,0,0,0,1,0,0,0,1,1,0.0,0.0,0.0,0.0,0.0,1.0,0.0,0.0,0.0,0.0,0
161,0,0,0,30,18,1055,4,1,2,1,0,0,0,0,0,1,0,1,0,0,0,0,1,0,0,1,0,1,0.0,0.0,0.0,0.0,0.0,1.0,0.0,0.0,0.0,0.0,1
813,1,0,1,54,48,3051,3,4,1,1,0,0,0,0,0,1,0,0,0,0,0,0,1,0,0,0,0,1,0.0,0.0,0.0,0.0,1.0,0.0,0.0,0.0,0.0,0.0,0
618,0,0,0,21,30,3441,2,4,1,1,0,1,0,1,0,1,0,0,0,0,1,0,0,1,0,0,0,1,0.0,0.0,0.0,1.0,0.0,0.0,0.0,0.0,0.0,0.0,0
676,1,0,1,33,24,5150,4,4,1,1,1,0,0,0,0,1,0,1,0,0,0,0,1,0,0,0,1,1,0.0,0.0,0.0,1.0,0.0,0.0,0.0,0.0,0.0,0.0,1
178,1,0,1,31,12,1963,4,2,2,2,1,0,0,0,0,1,0,0,0,0,0,0,0,1,0,0,1,1,0.0,0.0,1.0,0.0,0.0,0.0,0.0,0.0,0.0,0.0,1
950,1,0,0,40,18,3590,3,3,3,2,1,1,0,0,0,1,0,1,0,0,0,0,1,0,1,0,0,0,1.0,0.0,0.0,0.0,0.0,0.0,0.0,0.0,0.0,0.0,1
415,1,0,1,35,36,5842,2,2,2,2,1,0,0,0,0,1,0,1,0,0,0,0,1,0,0,0,1,1,0.0,0.0,0.0,0.0,0.0,0.0,0.0,0.0,0.0,1.0,1
100,1,0,0,41,24,1469,4,4,1,1,0,0,0,1,0,1,0,0,0,0,0,0,0,1,0,0,1,0,0.0,0.0,0.0,0.0,0.0,1.0,0.0,0.0,0.0,0.0,1
733,0,0,0,28,24,2603,2,4,1,1,1,0,0,1,1,1,0,0,0,0,0,0,0,1,0,0,0,1,0.0,0.0,0.0,0.0,0.0,0.0,0.0,0.0,0.0,1.0,1
689,1,0,1,31,12,3651,1,3,1,2,0,0,0,1,1,1,0,0,0,0,0,0,1,0,0,0,0,1,0.0,0.0,0.0,0.0,0.0,1.0,0.0,0.0,0.0,0.0,1
229,1,0,1,22,24,3149,4,1,1,1,0,0,0,0,0,1,0,0,1,0,0,0,0,0,0,1,0,1,0.0,0.0,0.0,1.0,0.0,0.0,0.0,0.0,0.0,0.0,1
334,1,0,1,23,24,4110,3,4,2,2,0,0,0,0,0,1,0,0,1,0,0,0,0,1,0,0,1,1,0.0,0.0,0.0,1.0,0.0,0.0,0.0,0.0,0.0,0.0,0
627,1,0,1,29,9,1437,2,3,1,1,0,1,0,1,0,1,1,0,0,0,0,0,1,0,0,0,1,1,0.0,0.0,0.0,0.0,0.0,1.0,0.0,0.0,0.0,0.0,0
702,0,0,0,47,24,1377,4,2,1,1,1,1,1,1,0,1,0,0,0,0,0,0,0,0,0,0,1,1,0.0,0.0,1.0,0.0,0.0,0.0,0.0,0.0,0.0,0.0,1
878,1,0,1,27,9,1422,3,2,1,1,1,0,0,0,0,1,0,0,0,0,0,0,0,0,0,1,0,1,0.0,0.0,0.0,0.0,0.0,1.0,0.0,0.0,0.0,0.0,0
482,0,0,0,57,30,3622,4,4,2,1,1,0,0,1,1,1,0,0,0,0,0,0,0,1,0,0,1,1,0.0,0.0,0.0,1.0,0.0,0.0,0.0,0.0,0.0,0.0,1
919,1,0,1,39,24,3345,4,2,1,1,1,0,0,0,0,1,0,0,0,0,0,0,0,1,0,0,1,1,0.0,0.0,0.0,1.0,0.0,0.0,0.0,0.0,0.0,0.0,0
220,1,0,0,26,12,625,4,1,1,1,0,1,0,0,0,1,0,0,1,0,0,1,1,0,0,1,0,0,0.0,0.0,1.0,0.0,0.0,0.0,0.0,0.0,0.0,0.0,1
391,0,0,0,19,12,983,1,4,1,1,0,1,0,1,1,1,0,0,0,0,0,0,0,1,0,1,0,0,0.0,0.0,0.0,1.0,0.0,0.0,0.0,0.0,0.0,0.0,1
912,0,0,0,25,30,2991,2,4,1,1,0,1,0,0,0,1,0,0,0,0,0,0,1,0,0,0,1,1,0.0,0.0,1.0,0.0,0.0,0.0,0.0,0.0,0.0,0.0,1
427,1,0,1,46,18,1149,4,3,2,1,0,0,0,1,1,1,0,1,0,0,0,0,1,0,0,0,0,1,0.0,0.0,1.0,0.0,0.0,0.0,0.0,0.0,0.0,0.0,1
309,1,0,0,22,9,276,4,4,1,1,0,1,0,0,0,1,0,0,0,0,0,0,0,1,0,0,0,0,0.0,0.0,0.0,0.0,0.0,1.0,0.0,0.0,0.0,0.0,1
775,0,0,0,25,24,1371,4,4,1,1,0,0,0,0,0,1,0,0,0,0,0,0,0,1,0,0,0,1,0.0,0.0,0.0,0.0,0.0,1.0,0.0,0.0,0.0,0.0,0
885,0,0,0,53,12,795,4,4,1,1,0,0,0,0,0,1,0,0,0,0,0,0,1,0,0,1,0,1,0.0,1.0,0.0,0.0,0.0,0.0,0.0,0.0,0.0,0.0,0
15,0,0,0,32,24,1282,4,2,1,1,0,0,0,1,0,1,0,0,0,0,0,0,1,0,0,0,0,0,0.0,0.0,1.0,0.0,0.0,0.0,0.0,0.0,0.0,0.0,0
493,1,0,1,38,6,368,4,4,1,1,0,1,0,0,0,1,0,0,0,0,0,0,1,0,0,0,1,1,0.0,0.0,1.0,0.0,0.0,0.0,0.0,0.0,0.0,0.0,1
245,1,0,1,25,24,1258,4,1,1,1,1,0,0,0,0,1,0,0,0,0,0,0,1,0,0,0,1,1,1.0,0.0,0.0,0.0,0.0,0.0,0.0,0.0,0.0,0.0,1
898,0,0,0,33,15,2186,1,4,1,1,0,0,0,0,0,1,0,0,1,0,0,0,0,1,0,0,1,0,0.0,0.0,0.0,1.0,0.0,0.0,0.0,0.0,0.0,0.0,1
6,1,0,1,53,24,2835,3,4,1,1,0,0,0,1,1,1,0,0,0,0,0,0,1,0,0,0,1,1,0.0,0.0,0.0,1.0,0.0,0.0,0.0,0.0,0.0,0.0,1
613,0,1,0,22,24,3632,1,4,1,1,0,0,0,0,0,1,1,0,1,0,0,1,0,1,0,0,0,1,0.0,0.0,0.0,0.0,0.0,0.0,0.0,0.0,0.0,1.0,1
533,1,0,0,26,24,1311,4,3,1,1,1,0,0,1,0,1,0,0,0,0,0,0,1,0,0,0,1,1,0.0,0.0,1.0,0.0,0.0,0.0,0.0,0.0,0.0,0.0,1
397,1,0,0,46,36,2348,3,2,2,1,1,0,0,0,0,1,0,1,0,0,0,0,1,0,0,0,0,1,0.0,0.0,0.0,1.0,0.0,0.0,0.0,0.0,0.0,0.0,1
721,0,0,0,24,6,433,4,2,1,2,0,1,0,1,1,1,1,0,1,0,0,0,0,1,0,1,0,1,0.0,1.0,0.0,0.0,0.0,0.0,0.0,0.0,0.0,0.0,0
858,0,0,0,29,15,3959,3,2,1,1,1,0,0,0,0,1,0,0,0,0,0,0,1,0,0,0,0,1,0.0,0.0,0.0,0.0,0.0,1.0,0.0,0.0,0.0,0.0,0
691,0,0,0,25,15,2631,3,2,1,1,0,1,0,1,0,1,0,0,0,0,0,0,1,0,0,0,0,0,0.0,0.0,0.0,0.0,0.0,0.0,0.0,1.0,0.0,0.0,1
104,1,0,0,26,12,2445,2,4,1,1,1,0,0,0,0,1,0,0,0,0,0,0,0,1,0,1,0,1,0.0,0.0,0.0,0.0,0.0,0.0,0.0,0.0,0.0,1.0,1
303,1,0,1,49,10,1038,4,3,2,1,1,0,0,0,0,1,0,1,0,0,1,0,1,0,0,0,1,1,0.0,0.0,0.0,0.0,0.0,1.0,0.0,0.0,0.0,0.0,1
549,1,0,1,35,48,8858,2,1,2,1,1,0,0,0,0,1,0,1,0,0,0,0,0,0,0,0,1,1,0.0,0.0,0.0,0.0,0.0,0.0,0.0,0.0,0.0,1.0,1
729,1,0,0,36,24,1275,2,4,2,1,1,1,1,1,1,1,0,1,0,0,0,0,1,0,0,0,0,1,1.0,0.0,0.0,0.0,0.0,0.0,0.0,0.0,0.0,0.0,1
208,1,0,0,21,24,6568,2,2,1,1,0,0,0,0,0,1,0,0,0,0,0,0,1,0,0,0,0,0,1.0,0.0,0.0,0.0,0.0,0.0,0.0,0.0,0.0,0.0,1
302,1,0,1,37,24,1344,4,2,2,2,0,1,1,0,0,1,0,1,1,0,0,0,1,0,0,0,1,0,0.0,0.0,0.0,0.0,0.0,1.0,0.0,0.0,0.0,0.0,0
51,1,0,1,30,27,5965,1,2,2,1,1,1,0,0,0,0,0,0,0,0,0,0,1,0,0,0,1,1,0.0,0.0,0.0,0.0,0.0,0.0,0.0,0.0,0.0,1.0,1
90,1,0,1,56,12,618,4,4,1,1,0,0,0,0,0,1,0,1,0,0,0,0,1,0,0,0,1,1,0.0,0.0,1.0,0.0,0.0,0.0,0.0,0.0,0.0,0.0,1
354,1,0,1,46,10,727,4,4,1,1,1,0,0,1,1,1,0,0,0,0,0,0,0,0,0,0,1,1,0.0,1.0,0.0,0.0,0.0,0.0,0.0,0.0,0.0,0.0,1
632,1,0,1,23,15,1444,4,1,1,1,0,1,0,0,0,1,0,0,0,0,0,0,1,0,0,1,0,1,0.0,0.0,1.0,0.0,0.0,0.0,0.0,0.0,0.0,0.0,1
460,1,0,1,37,36,3620,1,2,1,2,0,0,0,0,0,1,0,0,0,0,0,1,1,0,0,0,0,1,0.0,0.0,0.0,1.0,0.0,0.0,0.0,0.0,0.0,0.0,1
22,1,1,1,48,10,2241,1,3,2,2,0,0,0,0,0,1,0,1,0,0,0,0,0,1,0,1,0,0,0.0,0.0,0.0,0.0,0.0,1.0,0.0,0.0,0.0,0.0,1
374,0,0,0,60,60,14782,3,4,2,1,1,1,0,1,0,1,1,0,1,0,0,0,0,0,0,0,1,1,0.0,0.0,0.0,0.0,0.0,0.0,1.0,0.0,0.0,0.0,0
546,0,0,0,37,24,2022,4,4,1,1,1,0,0,0,0,1,0,1,0,0,0,0,1,0,0,0,0,1,0.0,0.0,0.0,0.0,0.0,1.0,0.0,0.0,0.0,0.0,1
439,0,0,0,26,12,609,4,1,1,1,0,1,1,0,0,1,1,0,0,0,0,0,1,0,0,1,0,0,1.0,0.0,0.0,0.0,0.0,0.0,0.0,0.0,0.0,0.0,0
218,1,0,0,24,24,3021,2,2,1,1,0,0,0,0,0,1,0,0,0,0,0,0,0,1,0,0,0,0,0.0,0.0,0.0,1.0,0.0,0.0,0.0,0.0,0.0,0.0,1
737,1,0,1,35,18,4380,3,4,1,2,1,0,0,1,0,1,0,0,0,0,0,0,1,0,0,0,0,0,0.0,0.0,0.0,0.0,0.0,1.0,0.0,0.0,0.0,0.0,1
505,1,0,1,27,10,1309,4,4,1,1,0,0,0,0,0,1,0,0,0,0,0,1,1,0,0,0,0,0,0.0,0.0,0.0,0.0,0.0,1.0,0.0,0.0,0.0,0.0,0
605,1,0,1,22,24,2828,4,4,1,1,1,0,0,1,1,1,1,0,0,0,0,0,1,0,0,0,0,1,0.0,0.0,0.0,1.0,0.0,0.0,0.0,0.0,0.0,0.0,1
801,0,0,0,48,18,1795,3,4,2,1,1,1,0,0,0,1,0,1,1,0,0,1,0,1,0,0,1,0,0.0,0.0,1.0,0.0,0.0,0.0,0.0,0.0,0.0,0.0,1
948,1,0,0,43,18,1533,4,1,1,2,0,0,0,0,0,1,0,0,0,0,1,0,1,0,0,1,0,0,0.0,0.0,0.0,1.0,0.0,0.0,0.0,0.0,0.0,0.0,0
683,1,0,0,47,24,5103,3,3,3,1,1,0,0,0,0,1,0,1,0,0,0,0,0,0,0,1,0,1,0.0,0.0,1.0,0.0,0.0,0.0,0.0,0.0,0.0,0.0,1
205,1,0,1,38,30,10623,3,4,3,2,1,0,0,0,0,1,0,1,0,0,0,0,0,0,0,0,1,1,0.0,0.0,0.0,0.0,0.0,0.0,0.0,0.0,0.0,1.0,1
647,0,0,0,26,12,1386,2,2,1,1,0,0,0,1,1,1,0,0,0,0,0,0,1,0,0,0,0,1,0.0,0.0,0.0,0.0,0.0,1.0,0.0,0.0,0.0,0.0,0
190,1,0,1,54,24,4591,2,3,3,1,1,0,0,1,1,1,0,0,0,0,0,0,1,0,0,0,0,1,1.0,0.0,0.0,0.0,0.0,0.0,0.0,0.0,0.0,0.0,0
361,1,0,1,37,12,3399,2,3,1,1,0,1,1,0,0,1,0,0,0,0,0,0,1,0,0,0,1,1,0.0,0.0,1.0,0.0,0.0,0.0,0.0,0.0,0.0,0.0,1
664,0,0,0,50,6,1047,2,4,1,1,0,1,1,0,0,1,0,1,0,0,0,0,1,0,0,0,0,0,0.0,1.0,0.0,0.0,0.0,0.0,0.0,0.0,0.0,0.0,1
375,0,0,0,37,48,7685,2,4,1,1,0,0,0,0,0,1,1,0,0,0,0,1,0,1,0,0,1,1,1.0,0.0,0.0,0.0,0.0,0.0,0.0,0.0,0.0,0.0,0
631,1,0,1,44,18,1553,4,3,1,1,0,0,0,0,0,1,1,0,1,0,0,0,1,0,0,0,0,1,0.0,0.0,0.0,1.0,0.0,0.0,0.0,0.0,0.0,0.0,0
185,1,0,1,31,15,1360,4,2,2,1,0,0,0,0,0,1,0,1,0,0,0,0,1,0,0,0,0,1,0.0,0.0,1.0,0.0,0.0,0.0,0.0,0.0,0.0,0.0,1
732,0,0,0,44,8,760,4,2,1,1,0,1,0,0,0,1,0,0,0,0,0,1,1,0,0,0,1,0,0.0,0.0,1.0,0.0,0.0,0.0,0.0,0.0,0.0,0.0,1
404,1,0,1,43,18,2899,4,4,1,2,0,1,0,0,0,0,0,0,0,0,0,0,1,0,0,0,1,1,0.0,0.0,0.0,0.0,0.0,1.0,0.0,0.0,0.0,0.0,1
194,1,0,1,21,45,3031,4,4,1,1,0,1,0,1,0,1,0,0,0,0,0,1,0,1,0,0,0,1,0.0,0.0,1.0,0.0,0.0,0.0,0.0,0.0,0.0,0.0,0
564,1,0,1,37,24,4712,4,2,2,1,1,1,0,0,0,0,0,0,1,0,0,0,1,0,0,0,0,1,1.0,0.0,0.0,0.0,0.0,0.0,0.0,0.0,0.0,0.0,1
401,1,0,0,28,18,1887,4,4,2,1,0,1,0,0,0,1,0,1,1,0,0,0,1,0,0,0,0,1,1.0,0.0,0.0,0.0,0.0,0.0,0.0,0.0,0.0,0.0,1
530,1,0,1,32,36,2273,3,1,2,2,0,1,0,0,0,1,0,0,0,0,0,0,1,0,0,0,1,1,0.0,1.0,0.0,0.0,0.0,0.0,0.0,0.0,0.0,0.0,1
656,1,0,1,41,12,888,4,4,1,2,0,1,0,0,0,1,0,0,1,0,0,0,1,0,0,0,1,0,0.0,0.0,0.0,0.0,0.0,1.0,0.0,0.0,0.0,0.0,0
441,0,0,0,30,12,1620,2,3,1,1,0,0,0,0,0,1,0,0,0,0,1,0,1,0,0,0,0,1,0.0,0.0,0.0,1.0,0.0,0.0,0.0,0.0,0.0,0.0,1
132,1,0,1,27,15,2708,2,3,2,1,0,0,0,0,0,1,0,0,1,0,0,0,1,0,0,1,0,0,0.0,0.0,0.0,1.0,0.0,0.0,0.0,0.0,0.0,0.0,1
233,1,0,0,25,18,866,4,2,1,1,0,1,0,0,0,1,0,0,0,0,0,1,1,0,0,0,0,0,0.0,0.0,1.0,0.0,0.0,0.0,0.0,0.0,0.0,0.0,1
173,1,1,1,33,8,1414,4,2,1,1,0,1,0,0,0,1,0,0,0,0,0,1,1,0,0,0,0,1,0.0,0.0,1.0,0.0,0.0,0.0,0.0,0.0,0.0,0.0,1
428,1,0,1,20,9,1313,1,4,1,1,0,0,0,0,0,1,0,0,0,0,0,0,1,0,0,0,1,1,0.0,0.0,0.0,1.0,0.0,0.0,0.0,0.0,0.0,0.0,1
567,1,0,1,34,24,2578,2,2,1,1,0,0,0,1,1,1,0,1,0,0,0,0,1,0,0,0,1,1,0.0,0.0,1.0,0.0,0.0,0.0,0.0,0.0,0.0,0.0,1
967,0,0,0,54,15,3568,4,2,1,1,1,0,0,0,0,1,0,0,1,0,0,0,0,1,0,0,1,1,0.0,0.0,1.0,0.0,0.0,0.0,0.0,0.0,0.0,0.0,1
758,1,0,1,31,24,1393,2,2,1,1,1,0,0,0,0,1,0,0,0,0,0,1,1,0,0,0,0,1,0.0,0.0,0.0,0.0,0.0,1.0,0.0,0.0,0.0,0.0,1
626,1,0,1,41,6,2116,2,2,1,1,1,1,1,0,0,1,0,0,0,0,0,0,1,0,0,0,0,1,0.0,0.0,0.0,1.0,0.0,0.0,0.0,0.0,0.0,0.0,1
96,0,0,0,61,12,2012,4,2,1,1,0,0,0,0,0,1,0,1,0,0,0,0,1,0,0,0,1,1,0.0,1.0,0.0,0.0,0.0,0.0,0.0,0.0,0.0,0.0,1
781,1,0,1,60,24,1940,4,4,1,1,1,0,0,1,1,1,0,1,0,0,0,0,1,0,0,0,1,1,0.0,0.0,0.0,0.0,0.0,1.0,0.0,0.0,0.0,0.0,1
499,1,0,0,28,6,1323,2,4,2,2,1,1,1,1,0,1,0,1,0,0,0,0,1,0,0,0,1,1,0.0,0.0,0.0,0.0,0.0,1.0,0.0,0.0,0.0,0.0,1
74,1,0,1,40,36,1977,4,4,1,1,1,0,0,0,0,1,0,0,0,0,0,0,1,0,0,0,1,1,0.0,1.0,0.0,0.0,0.0,0.0,0.0,0.0,0.0,0.0,0
89,1,0,1,28,12,1108,4,3,2,1,0,0,0,0,0,1,0,0,0,0,0,0,1,0,0,0,1,1,0.0,0.0,0.0,0.0,0.0,0.0,0.0,1.0,0.0,0.0,0
609,1,0,1,45,15,1300,4,4,1,2,0,0,0,0,0,1,0,0,1,0,0,0,0,0,0,0,1,1,0.0,0.0,0.0,0.0,0.0,0.0,0.0,0.0,0.0,1.0,1
0,1,0,1,67,6,1169,4,4,2,1,1,0,0,0,0,1,0,1,0,0,0,0,1,0,0,0,1,1,0.0,0.0,1.0,0.0,0.0,0.0,0.0,0.0,0.0,0.0,1
392,1,0,1,39,36,3249,2,4,1,2,1,0,0,0,0,1,0,0,1,0,0,0,0,0,0,0,1,1,0.0,0.0,0.0,0.0,0.0,1.0,0.0,0.0,0.0,0.0,1
476,1,0,1,24,39,2569,4,4,1,1,0,0,0,1,1,1,0,0,0,0,0,0,1,0,0,0,0,1,0.0,0.0,0.0,0.0,0.0,0.0,0.0,0.0,0.0,1.0,1
799,1,0,1,35,9,1549,4,2,1,1,0,1,0,0,0,1,0,0,0,0,0,0,1,0,0,1,0,0,0.0,0.0,0.0,0.0,0.0,1.0,0.0,0.0,0.0,0.0,1
519,1,0,1,36,6,700,4,4,2,1,0,0,0,0,0,1,0,1,0,0,0,0,0,0,0,0,1,1,0.0,0.0,1.0,0.0,0.0,0.0,0.0,0.0,0.0,0.0,1
107,1,0,1,32,12,6078,2,2,1,1,0,1,0,0,0,1,0,0,0,0,0,0,1,0,0,0,1,1,0.0,0.0,0.0,0.0,0.0,1.0,0.0,0.0,0.0,0.0,1
708,0,0,0,25,9,1206,4,4,1,1,0,1,0,0,0,1,0,0,0,0,0,0,1,0,0,0,1,1,0.0,0.0,1.0,0.0,0.0,0.0,0.0,0.0,0.0,0.0,1
634,0,0,0,25,24,1355,3,4,1,1,1,1,0,0,0,1,0,0,0,0,0,0,1,0,0,1,0,0,0.0,0.0,0.0,0.0,0.0,1.0,0.0,0.0,0.0,0.0,0
223,1,0,1,32,24,2978,4,4,2,2,1,0,0,0,0,0,0,0,0,0,0,0,1,0,0,0,0,1,1.0,0.0,0.0,0.0,0.0,0.0,0.0,0.0,0.0,0.0,1
327,0,0,0,34,24,1525,4,3,1,2,1,0,0,1,1,1,0,0,0,0,0,0,1,0,0,0,1,1,0.0,0.0,0.0,0.0,0.0,1.0,0.0,0.0,0.0,0.0,1
102,0,0,0,24,6,932,3,2,1,1,0,0,0,0,0,0,0,0,0,0,0,0,1,0,0,0,0,1,0.0,0.0,1.0,0.0,0.0,0.0,0.0,0.0,0.0,0.0,1
704,0,0,0,32,27,2528,4,1,1,2,1,1,0,0,0,1,0,0,0,0,0,0,1,0,0,1,0,1,1.0,0.0,0.0,0.0,0.0,0.0,0.0,0.0,0.0,0.0,1
475,0,0,0,26,18,3114,1,4,1,1,0,0,0,0,0,1,0,0,0,0,0,0,0,1,0,1,0,1,0.0,0.0,0.0,1.0,0.0,0.0,0.0,0.0,0.0,0.0,0
213,1,0,1,66,30,1908,4,4,1,1,1,1,1,0,0,0,0,0,0,0,0,0,1,0,0,0,1,1,1.0,0.0,0.0,0.0,0.0,0.0,0.0,0.0,0.0,0.0,0
135,0,0,0,38,12,1240,4,2,2,1,1,0,0,0,0,1,0,1,0,0,0,0,1,0,0,0,1,1,0.0,0.0,1.0,0.0,0.0,0.0,0.0,0.0,0.0,0.0,1
246,1,0,1,52,12,717,4,4,3,1,0,0,0,0,0,1,0,1,0,0,0,0,1,0,0,0,1,1,0.0,0.0,1.0,0.0,0.0,0.0,0.0,0.0,0.0,0.0,1
970,1,0,1,22,15,1514,4,2,1,1,0,1,0,1,0,1,0,0,0,0,0,1,1,0,0,0,0,1,0.0,0.0,0.0,0.0,0.0,0.0,0.0,1.0,0.0,0.0,1
891,1,0,1,46,15,1829,4,4,2,1,1,0,0,0,0,1,0,1,0,0,0,0,1,0,0,0,1,1,0.0,0.0,1.0,0.0,0.0,0.0,0.0,0.0,0.0,0.0,1
619,1,0,0,49,12,640,4,2,1,1,0,0,0,0,0,1,0,0,0,0,0,0,1,0,0,0,0,0,0.0,0.0,0.0,0.0,0.0,1.0,0.0,0.0,0.0,0.0,1
815,0,0,0,54,36,7432,2,2,1,1,0,1,0,0,0,0,0,0,0,0,0,0,0,1,0,0,0,1,0.0,0.0,0.0,0.0,0.0,1.0,0.0,0.0,0.0,0.0,1
365,1,0,1,36,12,1542,2,4,1,1,1,0,0,0,0,1,0,0,0,0,0,0,1,0,0,0,1,1,1.0,0.0,0.0,0.0,0.0,0.0,0.0,0.0,0.0,0.0,1
812,1,0,1,24,36,9629,4,4,2,1,1,0,0,0,0,1,0,1,0,0,0,0,1,0,0,0,1,1,0.0,0.0,0.0,0.0,0.0,0.0,0.0,0.0,0.0,1.0,0
26,1,0,0,39,6,426,4,4,1,1,0,0,0,0,0,1,0,0,0,0,0,0,1,0,0,0,1,0,0.0,0.0,1.0,0.0,0.0,0.0,0.0,0.0,0.0,0.0,1
642,1,0,1,40,15,4623,3,2,1,1,1,0,0,1,0,1,0,0,0,0,0,0,1,0,0,0,0,1,0.0,1.0,0.0,0.0,0.0,0.0,0.0,0.0,0.0,0.0,0
417,0,0,0,23,18,8471,1,2,2,1,1,0,0,0,0,0,0,0,0,0,0,0,0,1,0,0,0,1,0.0,1.0,0.0,0.0,0.0,0.0,0.0,0.0,0.0,0.0,1
907,1,0,0,27,36,3711,2,2,1,1,0,1,0,0,0,1,0,0,0,0,0,0,1,0,0,0,0,1,0.0,1.0,0.0,0.0,0.0,0.0,0.0,0.0,0.0,0.0,1
921,1,0,1,37,48,12749,4,1,1,1,1,0,0,1,1,0,0,0,0,0,0,0,1,0,0,0,1,1,0.0,0.0,1.0,0.0,0.0,0.0,0.0,0.0,0.0,0.0,1
3,1,0,1,45,42,7882,2,4,1,2,0,0,0,0,0,1,0,0,0,0,0,1,0,0,0,0,1,1,0.0,0.0,0.0,1.0,0.0,0.0,0.0,0.0,0.0,0.0,1
134,0,0,0,21,60,10144,2,4,1,1,1,0,0,1,0,1,0,0,0,0,0,0,1,0,0,0,1,1,0.0,0.0,1.0,0.0,0.0,0.0,0.0,0.0,0.0,0.0,1
355,1,0,1,23,24,1246,4,2,1,1,0,1,0,0,0,1,0,0,0,0,0,0,1,0,0,1,0,0,0.0,0.0,0.0,0.0,0.0,1.0,0.0,0.0,0.0,0.0,0
877,1,0,1,28,36,3595,4,2,1,1,0,0,0,0,0,1,0,0,0,0,0,0,1,0,0,0,1,1,0.0,0.0,1.0,0.0,0.0,0.0,0.0,0.0,0.0,0.0,1
768,1,0,1,28,12,3617,1,4,3,1,1,1,0,0,0,1,0,1,0,0,0,0,0,1,0,0,1,1,0.0,0.0,0.0,1.0,0.0,0.0,0.0,0.0,0.0,0.0,1
836,0,0,0,21,12,886,4,2,1,1,0,0,0,0,0,1,0,0,0,0,0,0,1,0,0,0,0,1,0.0,0.0,1.0,0.0,0.0,0.0,0.0,0.0,0.0,0.0,1
561,1,0,1,24,24,1546,4,4,1,1,0,0,0,0,0,1,1,0,1,0,0,1,0,1,0,0,1,0,0.0,0.0,1.0,0.0,0.0,0.0,0.0,0.0,0.0,0.0,0
892,1,1,1,38,12,2171,4,4,2,1,0,0,0,0,0,1,0,1,1,0,0,0,1,0,0,0,0,0,0.0,0.0,0.0,0.0,0.0,1.0,0.0,0.0,0.0,0.0,1
225,1,0,1,27,36,2613,4,2,2,1,0,0,0,0,0,1,0,0,0,0,0,0,1,0,0,0,0,1,0.0,0.0,0.0,0.0,0.0,0.0,0.0,1.0,0.0,0.0,1
820,1,0,0,27,12,1101,3,2,2,1,1,0,0,0,0,1,0,0,0,0,0,0,1,0,0,0,0,1,0.0,0.0,0.0,0.0,0.0,1.0,0.0,0.0,0.0,0.0,1
369,0,0,0,40,18,3001,2,4,1,1,0,1,0,0,0,1,0,0,0,0,0,0,0,1,0,0,1,1,0.0,0.0,0.0,1.0,0.0,0.0,0.0,0.0,0.0,0.0,1
681,1,0,1,37,12,2279,4,4,1,1,1,0,0,0,0,1,0,0,0,0,0,0,0,0,0,0,0,1,0.0,0.0,1.0,0.0,0.0,0.0,0.0,0.0,0.0,0.0,1
339,1,0,0,31,10,1521,4,2,1,1,0,1,0,0,0,1,0,0,0,0,0,0,1,0,0,0,0,0,0.0,0.0,0.0,1.0,0.0,0.0,0.0,0.0,0.0,0.0,1
419,0,0,0,33,18,1042,4,2,1,1,0,1,0,0,0,1,0,0,0,0,0,0,1,0,0,0,0,1,0.0,0.0,0.0,0.0,0.0,1.0,0.0,0.0,0.0,0.0,0
829,1,0,1,38,48,6681,4,4,1,2,1,1,0,0,0,0,0,0,0,0,0,0,0,0,0,0,0,1,1.0,0.0,0.0,0.0,0.0,0.0,0.0,0.0,0.0,0.0,1
951,1,0,1,24,36,2145,2,1,2,1,1,0,0,0,0,0,0,0,0,0,0,0,1,0,0,0,1,1,1.0,0.0,0.0,0.0,0.0,0.0,0.0,0.0,0.0,0.0,0
454,1,0,1,31,24,4817,2,3,1,1,1,0,0,0,0,1,0,0,0,0,1,0,1,0,0,0,1,1,0.0,0.0,0.0,0.0,0.0,1.0,0.0,0.0,0.0,0.0,0
63,1,0,1,25,48,14421,2,2,1,1,1,1,0,0,0,1,0,0,0,0,0,0,1,0,0,0,0,1,1.0,0.0,0.0,0.0,0.0,0.0,0.0,0.0,0.0,0.0,0
759,1,0,1,35,12,691,4,3,2,1,0,0,0,0,0,1,0,1,0,0,0,0,1,0,0,0,1,1,0.0,0.0,0.0,0.0,0.0,1.0,0.0,0.0,0.0,0.0,0
360,1,0,1,61,18,1239,4,4,1,1,0,1,0,0,0,1,0,0,0,0,0,0,0,0,0,0,0,1,0.0,1.0,0.0,0.0,0.0,0.0,0.0,0.0,0.0,0.0,1
237,1,0,0,61,21,2767,4,2,2,1,0,1,0,1,0,1,0,0,1,0,0,0,0,1,0,0,1,0,1.0,0.0,0.0,0.0,0.0,0.0,0.0,0.0,0.0,0.0,0
112,1,0,1,28,18,6260,3,3,1,1,0,1,0,0,0,1,0,0,0,0,0,0,0,1,0,0,1,0,0.0,0.0,0.0,0.0,0.0,1.0,0.0,0.0,0.0,0.0,1
640,0,0,0,27,18,750,4,1,1,1,0,0,0,0,0,1,0,0,0,0,0,0,1,0,1,0,0,0,0.0,1.0,0.0,0.0,0.0,0.0,0.0,0.0,0.0,0.0,0
532,1,0,0,41,12,1503,4,4,1,1,0,0,0,0,0,0,0,0,0,0,0,0,0,1,0,0,0,1,0.0,0.0,0.0,0.0,0.0,0.0,0.0,0.0,0.0,1.0,1
126,1,0,0,40,12,701,4,2,1,1,0,0,0,0,0,1,0,0,0,0,0,0,1,0,0,0,0,0,0.0,0.0,1.0,0.0,0.0,0.0,0.0,0.0,0.0,0.0,1
259,0,0,0,57,11,1154,4,4,3,1,0,0,0,1,0,1,0,1,0,0,0,0,1,0,1,0,0,0,0.0,0.0,1.0,0.0,0.0,0.0,0.0,0.0,0.0,0.0,1
742,1,0,1,41,21,3160,4,3,1,1,1,0,0,0,0,1,0,0,0,0,0,0,1,0,0,0,1,1,0.0,0.0,1.0,0.0,0.0,0.0,0.0,0.0,0.0,0.0,1
761,0,0,0,24,18,2124,4,4,2,1,0,0,0,0,0,1,0,1,0,0,0,0,0,1,0,0,0,1,0.0,0.0,0.0,1.0,0.0,0.0,0.0,0.0,0.0,0.0,0
137,1,0,1,66,12,766,4,3,1,1,0,1,0,1,1,1,0,0,0,0,0,0,1,0,0,0,0,0,0.0,0.0,1.0,0.0,0.0,0.0,0.0,0.0,0.0,0.0,0
7,1,0,1,35,36,6948,2,2,1,1,1,1,0,0,0,1,0,0,0,0,0,0,0,1,0,0,0,1,0.0,0.0,0.0,0.0,0.0,0.0,0.0,0.0,0.0,1.0,1
502,1,0,0,49,9,1126,2,4,1,1,0,1,1,1,0,1,0,0,0,0,0,0,1,0,0,0,1,1,0.0,0.0,1.0,0.0,0.0,0.0,0.0,0.0,0.0,0.0,1
831,0,0,0,23,18,1216,4,3,1,1,1,0,0,0,0,1,0,0,0,0,0,0,0,1,0,1,0,1,0.0,0.0,0.0,0.0,0.0,1.0,0.0,0.0,0.0,0.0,0
762,1,0,1,24,12,2214,4,3,1,1,0,0,0,0,0,1,0,0,0,0,0,0,1,0,0,0,0,0,0.0,0.0,1.0,0.0,0.0,0.0,0.0,0.0,0.0,0.0,1
851,1,0,1,43,24,4042,3,4,2,1,1,0,0,0,0,1,0,1,0,0,0,0,1,0,0,0,1,1,0.0,0.0,0.0,0.0,0.0,0.0,0.0,0.0,0.0,1.0,1
407,1,1,0,27,15,1053,4,2,1,1,0,0,0,0,0,1,0,0,0,0,0,0,1,0,0,1,0,1,0.0,0.0,1.0,0.0,0.0,0.0,0.0,0.0,0.0,0.0,1
692,1,0,1,29,24,2896,2,1,1,1,0,1,0,1,0,1,0,0,0,0,0,0,1,0,0,1,0,1,0.0,0.0,1.0,0.0,0.0,0.0,0.0,0.0,0.0,0.0,1
353,1,0,1,28,12,6199,4,2,2,1,1,0,0,0,0,1,0,0,0,0,0,0,0,1,0,0,0,1,0.0,0.0,1.0,0.0,0.0,0.0,0.0,0.0,0.0,0.0,0
153,0,0,0,29,24,7758,2,4,1,1,0,1,0,1,1,1,0,1,0,0,0,0,0,1,0,0,1,1,0.0,0.0,0.0,0.0,0.0,0.0,0.0,0.0,0.0,1.0,1
566,1,0,0,36,12,1372,2,3,1,1,0,0,0,0,0,1,0,0,0,0,0,0,1,0,0,0,1,1,0.0,0.0,0.0,0.0,0.0,1.0,0.0,0.0,0.0,0.0,0
542,1,0,1,31,30,6350,4,4,1,1,0,0,0,0,0,1,0,0,0,0,0,0,1,0,0,0,1,1,0.0,0.0,0.0,1.0,0.0,0.0,0.0,0.0,0.0,0.0,0
343,1,0,1,33,18,4439,1,1,1,1,1,1,0,0,0,1,0,0,1,0,1,0,1,0,0,0,1,1,1.0,0.0,0.0,0.0,0.0,0.0,0.0,0.0,0.0,0.0,1
887,1,0,1,23,48,15672,2,2,1,1,1,1,0,0,0,1,0,0,0,0,0,0,1,0,0,0,0,1,1.0,0.0,0.0,0.0,0.0,0.0,0.0,0.0,0.0,0.0,0
997,1,0,1,38,12,804,4,4,1,1,0,0,0,0,0,1,0,0,0,0,0,0,1,0,0,0,1,1,0.0,0.0,1.0,0.0,0.0,0.0,0.0,0.0,0.0,0.0,1
825,1,0,0,30,21,1602,4,3,2,1,1,0,0,0,0,1,0,1,0,0,0,0,1,0,0,0,1,1,0.0,0.0,0.0,0.0,0.0,1.0,0.0,0.0,0.0,0.0,1
56,1,0,1,52,12,6468,2,1,1,1,1,1,0,0,0,1,0,0,0,0,0,0,1,0,1,0,0,1,0.0,0.0,1.0,0.0,0.0,0.0,0.0,0.0,0.0,0.0,0
400,1,0,0,39,18,1473,3,4,1,1,1,0,0,0,0,1,0,0,0,0,0,0,1,0,0,1,0,1,0.0,0.0,1.0,0.0,0.0,0.0,0.0,0.0,0.0,0.0,1
572,0,0,0,26,24,5433,2,4,1,1,1,0,0,0,0,1,0,0,0,0,0,0,0,1,1,0,0,1,0.0,0.0,0.0,0.0,0.0,0.0,0.0,0.0,0.0,1.0,1
473,1,0,1,36,6,1238,4,4,1,2,1,0,0,0,0,1,0,0,0,0,0,0,1,0,1,0,0,1,0.0,0.0,0.0,0.0,0.0,0.0,0.0,0.0,1.0,0.0,1
468,0,0,0,26,33,2764,2,2,2,1,1,0,0,0,0,0,0,0,0,0,0,0,1,0,0,0,0,1,1.0,0.0,0.0,0.0,0.0,0.0,0.0,0.0,0.0,0.0,1
651,1,0,1,37,12,1922,4,2,1,1,0,1,0,0,0,1,0,0,0,0,0,0,1,0,0,0,0,0,0.0,0.0,0.0,1.0,0.0,0.0,0.0,0.0,0.0,0.0,0
669,1,0,1,47,30,3017,4,4,1,1,0,1,1,0,0,1,0,1,0,0,0,0,1,0,0,0,1,1,0.0,0.0,1.0,0.0,0.0,0.0,0.0,0.0,0.0,0.0,1
504,0,0,0,24,24,1207,4,4,1,1,0,0,0,0,0,1,0,0,0,0,0,0,0,1,0,1,0,1,0.0,0.0,0.0,0.0,0.0,1.0,0.0,0.0,0.0,0.0,0
900,1,0,1,43,16,2625,2,4,1,1,1,0,0,0,0,1,0,1,1,0,0,1,0,1,0,0,1,1,0.0,0.0,0.0,0.0,0.0,1.0,0.0,0.0,0.0,0.0,0
649,1,0,1,40,12,684,4,4,1,2,0,0,0,0,0,1,0,0,0,0,0,0,0,1,0,0,0,0,0.0,1.0,0.0,0.0,0.0,0.0,0.0,0.0,0.0,0.0,0
931,0,0,0,22,9,1670,4,2,1,1,1,1,0,0,0,1,0,0,0,0,0,0,1,0,0,1,0,1,0.0,0.0,1.0,0.0,0.0,0.0,0.0,0.0,0.0,0.0,0
300,0,0,0,54,6,672,1,4,1,1,1,0,0,0,0,1,0,0,0,0,0,0,1,0,1,0,0,0,0.0,0.0,0.0,0.0,0.0,1.0,0.0,0.0,0.0,0.0,1
674,1,0,1,41,21,2580,4,2,1,2,0,0,0,1,1,0,0,0,1,0,0,0,1,0,0,1,0,0,1.0,0.0,0.0,0.0,0.0,0.0,0.0,0.0,0.0,0.0,0
665,1,0,1,27,24,6314,4,2,2,1,1,0,0,0,0,1,0,1,1,0,1,0,1,0,1,0,0,1,0.0,0.0,0.0,0.0,0.0,0.0,1.0,0.0,0.0,0.0,1
570,0,0,0,23,24,3234,4,4,1,1,1,0,0,0,0,1,0,0,0,0,0,0,0,1,0,1,0,0,0.0,0.0,0.0,1.0,0.0,0.0,0.0,0.0,0.0,0.0,0
163,1,0,1,70,10,7308,2,4,1,1,1,1,0,0,0,1,0,0,1,0,0,0,0,0,1,0,0,1,0.0,0.0,0.0,0.0,0.0,1.0,0.0,0.0,0.0,0.0,1
336,0,0,0,23,13,2101,2,4,1,1,0,1,0,0,0,1,0,0,0,0,0,1,1,0,0,1,0,0,0.0,0.0,1.0,0.0,0.0,0.0,0.0,0.0,0.0,0.0,1
59,0,0,0,23,36,6229,4,4,2,1,1,0,0,0,0,1,0,1,0,0,1,0,0,1,0,1,0,0,0.0,0.0,0.0,1.0,0.0,0.0,0.0,0.0,0.0,0.0,0
821,1,0,0,24,12,3016,3,1,1,1,0,1,1,0,0,1,0,0,0,0,0,0,1,0,0,0,0,1,0.0,0.0,1.0,0.0,0.0,0.0,0.0,0.0,0.0,0.0,1
933,1,0,1,42,12,522,4,4,2,2,1,0,0,1,1,1,0,1,0,0,0,0,1,0,0,0,1,1,0.0,0.0,1.0,0.0,0.0,0.0,0.0,0.0,0.0,0.0,1
490,1,0,1,26,12,1934,2,2,2,1,0,0,0,0,0,1,0,1,0,0,0,0,1,0,0,0,1,1,0.0,0.0,1.0,0.0,0.0,0.0,0.0,0.0,0.0,0.0,1
787,1,0,1,38,48,2751,4,3,2,2,1,0,0,0,0,1,0,1,0,0,0,0,1,0,0,0,1,1,0.0,0.0,0.0,0.0,0.0,0.0,0.0,0.0,0.0,1.0,1
449,1,0,0,61,15,1512,3,3,2,1,0,1,0,1,1,0,0,0,0,0,0,0,1,0,0,0,0,1,0.0,0.0,0.0,0.0,0.0,0.0,0.0,1.0,0.0,0.0,0
703,1,0,1,41,30,2503,4,2,2,1,0,1,0,1,0,0,0,0,0,0,0,0,1,0,0,0,1,1,1.0,0.0,0.0,0.0,0.0,0.0,0.0,0.0,0.0,0.0,1
437,0,0,0,37,24,1287,4,4,2,1,1,0,0,1,1,1,0,1,0,0,0,0,1,0,0,0,1,1,0.0,0.0,0.0,0.0,0.0,1.0,0.0,0.0,0.0,0.0,1
563,1,0,1,37,36,12389,1,4,1,1,1,1,0,0,0,1,0,0,0,0,0,0,0,0,0,0,0,1,0.0,0.0,0.0,0.0,0.0,1.0,0.0,0.0,0.0,0.0,0
720,1,0,1,34,9,1337,4,2,2,1,1,1,1,0,0,1,0,0,0,0,0,0,1,0,0,1,0,1,0.0,0.0,1.0,0.0,0.0,0.0,0.0,0.0,0.0,0.0,0
890,1,0,1,43,27,2442,4,4,4,2,1,0,0,0,0,1,0,1,0,0,0,0,1,0,0,0,1,1,1.0,0.0,0.0,0.0,0.0,0.0,0.0,0.0,0.0,0.0,1
219,0,0,0,64,10,1364,2,4,1,1,1,0,0,0,0,1,0,0,0,0,0,0,1,0,0,0,0,1,0.0,0.0,0.0,0.0,0.0,1.0,0.0,0.0,0.0,0.0,1
678,1,0,1,64,24,2384,4,4,1,1,0,0,0,0,0,1,0,0,1,0,0,0,0,1,0,0,1,0,0.0,0.0,1.0,0.0,0.0,0.0,0.0,0.0,0.0,0.0,1
586,1,0,1,36,9,2799,2,2,2,2,0,0,0,0,0,1,0,1,0,0,0,0,0,1,0,0,0,1,0.0,0.0,0.0,0.0,0.0,1.0,0.0,0.0,0.0,0.0,1
282,1,0,1,49,18,1445,4,4,1,1,0,1,1,0,0,1,1,0,1,0,0,0,1,0,0,0,1,0,0.0,0.0,1.0,0.0,0.0,0.0,0.0,0.0,0.0,0.0,1
348,1,0,1,34,6,1743,1,2,2,1,0,0,0,1,0,0,0,0,0,0,0,0,1,0,0,0,0,0,1.0,0.0,0.0,0.0,0.0,0.0,0.0,0.0,0.0,0.0,1
686,1,0,1,27,10,1347,4,2,2,1,1,1,1,0,0,1,0,1,0,0,0,0,1,0,0,0,1,1,0.0,0.0,1.0,0.0,0.0,0.0,0.0,0.0,0.0,0.0,1
4,1,0,1,53,24,4870,3,4,2,2,0,0,0,0,0,0,0,0,0,0,0,0,0,0,0,0,0,1,0.0,0.0,0.0,0.0,0.0,1.0,0.0,0.0,0.0,0.0,0
995,0,0,0,31,12,1736,3,4,1,1,0,0,0,0,0,1,0,0,0,0,0,0,1,0,0,0,1,0,0.0,0.0,0.0,1.0,0.0,0.0,0.0,0.0,0.0,0.0,1
463,1,0,1,38,12,754,4,4,2,1,0,1,0,0,0,1,0,0,0,0,0,0,1,0,0,0,1,1,0.0,0.0,0.0,0.0,0.0,0.0,0.0,0.0,1.0,0.0,1
776,1,0,1,37,36,3535,4,4,2,1,1,0,0,0,0,1,0,1,0,0,0,0,1,0,0,0,1,1,0.0,0.0,0.0,0.0,0.0,1.0,0.0,0.0,0.0,0.0,1
682,1,0,0,33,15,1478,4,3,2,1,0,0,0,0,0,0,0,0,1,0,0,0,1,0,0,0,0,1,0.0,0.0,1.0,0.0,0.0,0.0,0.0,0.0,0.0,0.0,1
879,1,0,1,36,30,6742,2,3,2,1,0,0,0,0,0,1,0,1,0,0,0,0,1,0,0,0,1,1,0.0,0.0,1.0,0.0,0.0,0.0,0.0,0.0,0.0,0.0,1
517,0,0,0,23,36,7127,2,4,2,1,1,0,0,0,0,1,0,1,0,0,0,0,0,1,0,1,0,1,0.0,0.0,0.0,1.0,0.0,0.0,0.0,0.0,0.0,0.0,0
573,0,0,0,22,15,806,4,4,1,1,0,0,0,0,0,1,0,0,0,0,0,0,1,0,0,0,0,0,1.0,0.0,0.0,0.0,0.0,0.0,0.0,0.0,0.0,0.0,1
793,1,0,0,51,24,2892,3,4,1,1,0,1,1,0,0,1,0,0,0,0,0,0,0,0,0,0,1,1,0.0,0.0,0.0,1.0,0.0,0.0,0.0,0.0,0.0,0.0,1
893,1,0,1,34,36,5800,3,4,2,1,1,1,0,0,0,1,0,1,0,0,0,0,1,0,0,0,0,1,0.0,0.0,0.0,0.0,0.0,0.0,0.0,0.0,0.0,1.0,1
534,1,0,1,25,24,3105,4,2,2,1,0,0,0,0,0,1,0,0,0,0,0,0,1,0,0,1,0,1,0.0,0.0,1.0,0.0,0.0,0.0,0.0,0.0,0.0,0.0,1
903,1,0,0,40,15,1386,4,2,1,1,1,0,0,0,0,1,0,0,0,0,0,0,0,1,0,0,0,1,0.0,0.0,1.0,0.0,0.0,0.0,0.0,0.0,0.0,0.0,1
276,0,0,0,26,18,2404,2,2,2,1,0,0,0,0,0,1,0,1,0,0,0,0,1,0,0,0,0,1,0.0,0.0,1.0,0.0,0.0,0.0,0.0,0.0,0.0,0.0,1
284,1,0,0,37,24,3878,4,2,1,1,1,1,0,1,0,1,0,1,0,0,0,0,1,0,0,1,0,1,0.0,0.0,0.0,0.0,0.0,1.0,0.0,0.0,0.0,0.0,1
470,1,0,0,22,24,3092,3,2,1,1,1,1,0,1,0,1,0,0,0,0,0,0,0,1,0,1,0,1,0.0,0.0,1.0,0.0,0.0,0.0,0.0,0.0,0.0,0.0,0
426,1,0,1,29,28,2743,4,2,2,1,0,0,0,0,0,1,0,1,0,0,0,0,1,0,0,0,1,1,0.0,0.0,1.0,0.0,0.0,0.0,0.0,0.0,0.0,0.0,1
281,1,0,1,50,12,1574,4,2,1,1,0,0,0,0,0,1,0,0,0,0,0,0,1,0,0,0,0,1,0.0,0.0,0.0,1.0,0.0,0.0,0.0,0.0,0.0,0.0,1
120,0,0,0,25,21,1835,3,2,2,1,1,0,0,0,0,1,0,0,0,0,0,0,1,0,0,0,0,1,0.0,0.0,1.0,0.0,0.0,0.0,0.0,0.0,0.0,0.0,0
593,0,0,0,20,24,2718,3,4,1,1,1,1,0,0,0,1,0,0,0,0,0,0,0,1,0,0,0,0,0.0,0.0,0.0,0.0,0.0,1.0,0.0,0.0,0.0,0.0,0
981,1,0,1,33,48,4844,3,2,1,1,1,0,0,0,0,1,0,0,1,0,0,0,0,1,1,0,0,1,1.0,0.0,0.0,0.0,0.0,0.0,0.0,0.0,0.0,0.0,0
13,1,0,1,60,24,1199,4,4,2,1,0,0,0,0,0,1,0,1,0,0,0,0,1,0,0,0,1,0,0.0,0.0,0.0,0.0,0.0,1.0,0.0,0.0,0.0,0.0,0
655,1,0,1,22,14,3973,1,4,1,1,0,0,0,0,0,1,0,0,0,0,0,0,0,0,1,0,0,1,0.0,0.0,0.0,0.0,0.0,1.0,0.0,0.0,0.0,0.0,1
455,0,0,0,29,24,2679,4,1,1,1,1,0,0,0,0,1,0,0,0,0,0,0,1,0,0,1,0,1,0.0,0.0,0.0,0.0,0.0,0.0,0.0,0.0,0.0,1.0,1
584,0,0,0,52,12,2133,4,4,1,1,1,0,0,0,0,1,0,0,0,0,0,0,0,0,0,0,1,1,0.0,0.0,0.0,0.0,0.0,1.0,0.0,0.0,0.0,0.0,1
955,0,0,0,57,24,1231,4,4,2,1,1,0,0,1,1,1,0,1,0,0,0,0,0,1,0,0,1,1,0.0,0.0,1.0,0.0,0.0,0.0,0.0,0.0,0.0,0.0,1
160,1,0,1,36,24,2872,3,4,1,2,1,0,0,1,0,1,0,1,0,0,0,0,1,0,0,0,1,1,0.0,0.0,1.0,0.0,0.0,0.0,0.0,0.0,0.0,0.0,1
977,1,0,1,42,18,2427,4,2,2,1,0,1,0,0,0,0,0,0,0,0,0,0,1,0,0,0,1,1,1.0,0.0,0.0,0.0,0.0,0.0,0.0,0.0,0.0,0.0,1
973,1,0,1,36,60,7297,4,4,1,1,0,0,0,0,0,1,0,0,0,0,1,0,0,1,0,0,1,1,1.0,0.0,0.0,0.0,0.0,0.0,0.0,0.0,0.0,0.0,0
715,1,0,1,63,30,7596,1,4,2,1,0,0,0,0,0,1,0,1,0,0,0,0,1,0,0,0,1,1,0.0,0.0,0.0,0.0,0.0,0.0,0.0,0.0,0.0,1.0,1
744,1,0,1,30,39,14179,4,4,2,1,1,0,0,0,0,1,0,1,0,0,0,0,1,0,0,0,1,1,0.0,0.0,0.0,1.0,0.0,0.0,0.0,0.0,0.0,0.0,1
195,0,0,0,34,9,1501,2,3,2,1,1,1,0,0,0,1,0,1,0,0,0,0,1,0,0,0,1,1,0.0,1.0,0.0,0.0,0.0,0.0,0.0,0.0,0.0,0.0,0
191,1,0,1,34,48,3844,4,4,1,2,0,1,0,1,0,1,0,0,0,0,0,0,0,0,0,0,1,0,1.0,0.0,0.0,0.0,0.0,0.0,0.0,0.0,0.0,0.0,0
628,1,0,1,36,42,4042,4,4,2,1,1,0,0,1,1,1,0,1,0,0,0,0,1,0,0,0,0,1,0.0,0.0,0.0,1.0,0.0,0.0,0.0,0.0,0.0,0.0,1
536,0,0,0,75,6,1374,4,3,1,1,1,0,0,0,0,1,0,0,0,0,0,0,1,0,1,0,0,1,0.0,0.0,0.0,0.0,0.0,1.0,0.0,0.0,0.0,0.0,1
880,1,0,1,38,24,7814,3,3,1,1,1,0,0,0,0,1,0,0,0,0,0,0,1,0,0,0,1,1,0.0,0.0,0.0,0.0,0.0,0.0,0.0,0.0,0.0,1.0,1
164,1,0,1,36,36,909,4,4,1,1,0,0,0,1,1,1,0,0,0,0,0,0,1,0,0,0,1,1,0.0,0.0,0.0,0.0,0.0,1.0,0.0,0.0,0.0,0.0,1
106,1,0,1,39,18,6458,2,4,2,2,1,0,0,0,0,1,1,0,1,0,0,0,1,0,0,0,1,1,0.0,0.0,0.0,0.0,0.0,1.0,0.0,0.0,0.0,0.0,0
16,1,0,1,53,24,2424,4,4,2,1,0,0,0,0,0,1,0,1,0,0,0,0,1,0,0,0,1,1,0.0,0.0,1.0,0.0,0.0,0.0,0.0,0.0,0.0,0.0,1
575,0,0,0,24,15,2788,2,3,2,1,0,0,0,0,0,1,0,1,1,0,1,0,1,0,0,0,1,1,0.0,0.0,0.0,1.0,0.0,0.0,0.0,0.0,0.0,0.0,1
925,1,0,1,46,12,697,4,2,2,1,1,0,0,0,0,1,1,0,1,0,0,0,1,0,0,1,0,1,0.0,0.0,0.0,0.0,0.0,1.0,0.0,0.0,0.0,0.0,0
712,1,0,1,46,21,2476,4,4,1,1,1,0,0,0,0,1,0,0,0,0,0,0,1,0,0,0,1,1,0.0,0.0,0.0,0.0,0.0,0.0,0.0,0.0,0.0,1.0,1
540,1,0,0,23,12,1534,1,1,1,1,0,1,0,0,0,1,0,0,0,0,0,0,0,1,0,1,0,1,0.0,0.0,1.0,0.0,0.0,0.0,0.0,0.0,0.0,0.0,0
329,1,0,1,28,6,1068,4,4,1,2,0,1,0,0,0,1,0,0,0,0,0,0,1,0,0,0,1,1,0.0,0.0,1.0,0.0,0.0,0.0,0.0,0.0,0.0,0.0,1
480,0,0,0,23,12,3573,1,1,1,1,0,1,0,0,0,1,0,1,0,0,0,0,1,0,0,0,0,0,0.0,0.0,1.0,0.0,0.0,0.0,0.0,0.0,0.0,0.0,1
498,1,0,0,32,18,1301,4,2,1,1,0,1,0,0,0,1,0,0,0,0,0,1,1,0,0,0,1,0,0.0,0.0,1.0,0.0,0.0,0.0,0.0,0.0,0.0,0.0,1
968,1,0,0,29,42,7166,2,4,1,1,1,0,0,0,0,1,0,0,0,0,0,0,0,1,0,0,1,1,0.0,0.0,1.0,0.0,0.0,0.0,0.0,0.0,0.0,0.0,1
405,1,0,0,22,24,2039,1,1,1,1,1,1,0,0,0,1,0,0,0,0,0,0,1,0,0,1,0,1,0.0,0.0,1.0,0.0,0.0,0.0,0.0,0.0,0.0,0.0,0
743,1,0,1,22,24,2483,4,4,1,1,1,0,0,1,1,1,1,0,0,0,0,0,1,0,0,0,0,1,0.0,0.0,0.0,1.0,0.0,0.0,0.0,0.0,0.0,0.0,1
93,1,0,1,20,24,3617,4,4,2,1,0,1,1,0,0,1,0,1,0,0,1,0,0,1,0,0,1,1,0.0,0.0,0.0,1.0,0.0,0.0,0.0,0.0,0.0,0.0,1
433,1,0,0,33,24,2058,4,2,2,1,1,0,0,0,0,1,0,1,0,0,0,0,1,0,0,0,0,1,0.0,0.0,0.0,0.0,0.0,0.0,0.0,1.0,0.0,0.0,1
83,0,0,0,58,24,1755,4,4,1,1,1,0,0,0,0,1,0,0,0,0,0,1,1,0,0,0,1,0,0.0,0.0,0.0,0.0,0.0,0.0,1.0,0.0,0.0,0.0,1
843,1,0,1,50,24,1559,4,4,1,1,1,0,0,0,0,1,1,0,1,0,0,0,1,0,0,0,1,1,1.0,0.0,0.0,0.0,0.0,0.0,0.0,0.0,0.0,0.0,1
914,1,0,1,31,24,3161,4,2,1,1,1,0,0,0,0,1,1,0,0,0,0,0,0,1,0,0,0,1,1.0,0.0,0.0,0.0,0.0,0.0,0.0,0.0,0.0,0.0,0
657,1,0,1,37,48,10222,4,3,1,1,1,0,0,0,0,1,0,0,0,0,0,0,1,0,0,0,1,1,0.0,0.0,1.0,0.0,0.0,0.0,0.0,0.0,0.0,0.0,1
414,0,0,0,35,24,1381,4,2,1,1,0,0,0,0,0,1,0,0,0,0,0,0,1,0,0,0,0,1,0.0,0.0,0.0,0.0,0.0,1.0,0.0,0.0,0.0,0.0,0
662,1,0,1,50,21,2241,4,2,2,1,0,0,0,0,0,1,0,0,0,0,0,0,1,0,0,0,1,1,0.0,0.0,0.0,1.0,0.0,0.0,0.0,0.0,0.0,0.0,1
978,1,0,1,47,24,2538,4,4,2,2,0,0,0,0,0,0,0,0,0,0,0,0,1,0,0,0,1,0,0.0,0.0,0.0,0.0,0.0,1.0,0.0,0.0,0.0,0.0,0
771,0,0,0,25,36,8065,3,2,2,1,1,0,0,0,0,1,0,1,0,0,0,0,1,0,0,0,0,1,0.0,1.0,0.0,0.0,0.0,0.0,0.0,0.0,0.0,0.0,0
728,0,0,0,59,48,6416,4,3,1,1,0,1,0,0,0,1,1,0,0,0,0,0,0,1,0,0,1,1,1.0,0.0,0.0,0.0,0.0,0.0,0.0,0.0,0.0,0.0,0
911,0,0,0,25,24,4736,2,4,1,1,0,1,0,0,0,1,0,1,1,0,0,0,1,0,0,1,0,0,0.0,0.0,0.0,1.0,0.0,0.0,0.0,0.0,0.0,0.0,0
807,1,0,1,65,12,930,4,4,4,1,0,0,0,0,0,1,0,1,0,0,0,0,1,0,0,0,1,1,0.0,0.0,1.0,0.0,0.0,0.0,0.0,0.0,0.0,0.0,1
322,1,0,1,34,24,2910,2,1,1,1,1,0,0,0,0,1,0,0,0,0,0,0,0,0,0,0,1,1,0.0,0.0,0.0,0.0,0.0,0.0,0.0,0.0,0.0,1.0,1
556,0,0,0,28,18,2278,3,3,2,1,0,1,0,1,0,1,0,0,0,0,0,0,1,0,0,1,0,1,0.0,0.0,0.0,0.0,0.0,1.0,0.0,0.0,0.0,0.0,0
357,1,0,1,26,36,4463,4,2,2,1,1,0,0,0,0,0,0,0,0,0,0,0,1,0,0,0,0,1,0.0,0.0,1.0,0.0,0.0,0.0,0.0,0.0,0.0,0.0,0
69,0,0,0,25,36,2394,4,4,1,1,0,0,0,0,0,1,0,0,0,0,0,0,1,0,0,0,0,1,0.0,0.0,1.0,0.0,0.0,0.0,0.0,0.0,0.0,0.0,1
514,1,0,1,54,24,2255,4,1,1,1,0,0,0,0,0,1,0,0,0,0,0,0,1,0,0,1,0,1,0.0,0.0,0.0,0.0,0.0,1.0,0.0,0.0,0.0,0.0,1
509,1,0,1,45,39,8588,4,2,1,1,1,0,0,1,0,1,0,0,0,0,0,0,1,0,0,0,1,1,0.0,0.0,0.0,0.0,0.0,0.0,0.0,0.0,0.0,1.0,1
340,0,0,0,24,24,5743,2,4,2,1,1,1,0,0,0,1,0,1,0,0,0,0,0,0,0,1,0,1,0.0,1.0,0.0,0.0,0.0,0.0,0.0,0.0,0.0,0.0,1
221,0,0,0,23,12,1200,4,4,1,1,1,0,0,0,0,1,0,0,1,0,0,0,0,1,0,0,0,1,0.0,1.0,0.0,0.0,0.0,0.0,0.0,0.0,0.0,0.0,1
928,1,0,1,58,30,1867,4,4,1,1,1,0,0,0,0,1,0,0,0,0,0,0,1,0,0,0,1,1,0.0,0.0,1.0,0.0,0.0,0.0,0.0,0.0,0.0,0.0,1
146,0,0,0,39,6,860,1,4,2,1,1,0,0,0,0,1,0,1,0,0,0,0,1,0,0,0,1,1,0.0,0.0,0.0,0.0,0.0,1.0,0.0,0.0,0.0,0.0,1
289,1,0,0,48,24,1024,4,4,1,1,0,0,0,0,0,0,0,0,0,0,0,0,1,0,0,1,0,1,0.0,0.0,1.0,0.0,0.0,0.0,0.0,0.0,0.0,0.0,0
29,1,0,1,63,60,6836,3,4,2,1,1,0,0,0,0,0,0,0,0,0,0,0,1,0,0,0,1,1,1.0,0.0,0.0,0.0,0.0,0.0,0.0,0.0,0.0,0.0,0
114,1,0,0,35,12,1680,3,1,1,1,0,0,0,1,1,1,0,0,0,0,0,0,1,0,0,0,1,1,0.0,0.0,1.0,0.0,0.0,0.0,0.0,0.0,0.0,0.0,1
508,1,0,0,28,24,1413,4,2,1,1,0,0,0,0,0,1,0,0,0,0,0,0,1,0,0,0,0,1,0.0,0.0,1.0,0.0,0.0,0.0,0.0,0.0,0.0,0.0,1
810,1,0,0,26,8,907,3,2,1,1,1,1,0,0,0,1,0,0,0,0,0,0,1,0,0,1,0,1,1.0,0.0,0.0,0.0,0.0,0.0,0.0,0.0,0.0,0.0,1
972,0,0,0,29,24,1193,1,4,2,1,0,0,0,0,0,1,1,0,0,0,1,0,0,1,1,0,0,0,0.0,0.0,0.0,0.0,0.0,1.0,0.0,0.0,0.0,0.0,0
176,1,0,0,42,12,2577,2,1,1,1,0,0,0,0,0,1,0,0,0,0,0,0,1,0,0,0,0,1,0.0,0.0,0.0,1.0,0.0,0.0,0.0,0.0,0.0,0.0,1
168,0,0,0,25,24,3972,2,4,1,1,1,0,0,0,0,1,0,0,0,0,0,0,0,1,0,0,1,1,0.0,0.0,0.0,1.0,0.0,0.0,0.0,0.0,0.0,0.0,1
347,0,0,0,23,24,3758,1,4,1,1,0,1,0,1,1,1,0,0,0,0,0,0,0,1,1,0,0,0,0.0,0.0,1.0,0.0,0.0,0.0,0.0,0.0,0.0,0.0,1
376,1,0,0,34,18,2320,2,3,2,1,0,0,0,0,0,0,0,0,0,0,0,0,1,0,1,0,0,1,0.0,0.0,1.0,0.0,0.0,0.0,0.0,0.0,0.0,0.0,1
764,1,0,0,27,24,2463,4,3,2,1,1,0,0,1,0,1,0,1,0,0,0,0,1,0,0,0,1,1,0.0,0.0,0.0,0.0,0.0,1.0,0.0,0.0,0.0,0.0,1
871,1,1,1,46,6,1343,1,4,2,2,0,1,1,0,0,1,0,1,0,0,0,0,1,0,0,0,1,1,0.0,0.0,0.0,0.0,0.0,1.0,0.0,0.0,0.0,0.0,1
889,1,0,1,40,28,7824,3,4,2,2,1,0,0,0,0,1,1,0,1,0,0,1,0,1,0,1,0,1,0.0,0.0,0.0,0.0,0.0,0.0,0.0,0.0,0.0,1.0,1
772,1,0,1,36,21,3275,1,4,1,1,1,0,0,0,0,1,0,1,0,0,0,0,1,0,0,0,1,1,0.0,0.0,0.0,0.0,0.0,0.0,0.0,0.0,0.0,1.0,1
189,0,0,0,33,18,3244,1,4,2,1,1,1,0,0,0,1,0,0,1,0,0,0,1,0,0,0,0,1,0.0,0.0,0.0,1.0,0.0,0.0,0.0,0.0,0.0,0.0,1
136,1,0,1,27,27,8613,2,2,2,1,0,0,0,1,1,0,0,0,0,0,0,0,1,0,0,0,0,1,0.0,0.0,0.0,0.0,0.0,0.0,0.0,0.0,0.0,1.0,1
446,0,0,0,34,36,1842,4,4,1,1,1,0,0,0,0,1,0,0,0,0,0,0,1,0,0,1,0,1,0.0,0.0,0.0,0.0,0.0,1.0,0.0,0.0,0.0,0.0,0
839,1,0,0,46,24,2611,4,3,2,1,0,0,0,0,0,1,0,1,0,0,1,0,1,0,0,0,1,1,0.0,0.0,1.0,0.0,0.0,0.0,0.0,0.0,0.0,0.0,1
254,1,0,1,24,9,2030,2,1,1,1,1,1,0,0,0,1,0,0,0,0,0,0,1,0,0,0,1,1,0.0,0.0,0.0,1.0,0.0,0.0,0.0,0.0,0.0,0.0,1
881,1,0,0,48,24,9277,2,4,1,1,1,0,0,0,0,1,0,0,0,0,0,0,0,0,0,0,0,1,0.0,0.0,0.0,0.0,0.0,0.0,0.0,0.0,0.0,1.0,1
290,1,1,0,26,12,1076,2,2,1,1,1,0,0,0,0,1,0,0,0,0,0,0,1,0,0,0,0,1,1.0,0.0,0.0,0.0,0.0,0.0,0.0,0.0,0.0,0.0,1
941,1,1,1,31,10,1546,3,2,1,2,0,0,0,0,0,1,0,0,0,0,0,0,1,0,0,0,0,0,0.0,0.0,0.0,0.0,0.0,1.0,0.0,0.0,0.0,0.0,1
954,0,0,0,29,12,1893,4,4,1,1,1,0,0,0,0,1,0,0,0,0,0,1,1,0,0,0,0,1,0.0,0.0,0.0,0.0,0.0,1.0,0.0,0.0,0.0,0.0,1
232,1,0,1,35,12,2141,3,1,1,1,0,0,0,1,0,1,0,0,0,0,0,0,1,0,0,0,1,1,0.0,0.0,1.0,0.0,0.0,0.0,0.0,0.0,0.0,0.0,1
645,1,0,1,27,36,7980,4,4,2,1,1,0,0,0,0,0,0,0,0,0,0,0,0,1,0,1,0,1,1.0,0.0,0.0,0.0,0.0,0.0,0.0,0.0,0.0,0.0,0
33,1,0,1,57,12,1264,4,4,1,1,0,0,0,0,0,1,0,1,0,0,0,0,0,1,0,0,1,0,1.0,0.0,0.0,0.0,0.0,0.0,0.0,0.0,0.0,0.0,1
88,1,0,1,30,18,2249,4,3,1,2,1,0,0,1,0,1,0,0,0,0,0,0,1,0,0,0,1,1,0.0,0.0,0.0,0.0,0.0,1.0,0.0,0.0,0.0,0.0,1
44,0,0,0,58,48,6143,4,4,2,1,0,0,0,0,0,1,0,1,0,0,0,0,0,0,0,0,1,0,0.0,0.0,0.0,0.0,0.0,0.0,0.0,0.0,0.0,1.0,0
341,0,0,0,26,21,3599,1,4,1,1,0,0,0,0,0,1,0,0,0,0,0,0,0,1,0,0,1,0,0.0,0.0,0.0,1.0,0.0,0.0,0.0,0.0,0.0,0.0,1
61,1,0,1,50,15,1537,4,4,2,1,1,1,0,0,0,1,0,1,0,0,0,1,1,0,0,0,1,1,0.0,0.0,1.0,0.0,0.0,0.0,0.0,0.0,0.0,0.0,1
953,0,0,0,26,36,10974,4,2,2,1,1,0,0,0,0,1,0,0,0,0,0,0,1,0,1,0,0,1,0.0,0.0,0.0,1.0,0.0,0.0,0.0,0.0,0.0,0.0,0
199,1,0,0,40,18,4297,4,3,1,1,1,1,0,0,0,0,0,0,0,0,0,0,1,0,0,0,1,1,0.0,0.0,0.0,1.0,0.0,0.0,0.0,0.0,0.0,0.0,0
429,0,0,0,55,18,1190,2,4,3,2,0,0,0,0,0,1,0,1,0,0,0,0,0,0,1,0,0,0,0.0,0.0,0.0,0.0,0.0,0.0,0.0,1.0,0.0,0.0,0
747,0,0,0,37,12,1274,3,1,1,1,0,0,0,0,0,1,0,0,0,0,0,0,1,0,0,1,0,0,0.0,0.0,0.0,0.0,0.0,1.0,0.0,0.0,0.0,0.0,0
394,1,0,1,31,9,2406,2,3,1,1,0,0,0,0,0,1,0,1,0,0,0,0,1,0,1,0,0,1,0.0,0.0,0.0,1.0,0.0,0.0,0.0,0.0,0.0,0.0,1
730,1,0,1,33,24,6403,1,2,1,1,0,1,0,0,0,0,0,0,0,0,0,0,1,0,0,1,0,1,0.0,0.0,1.0,0.0,0.0,0.0,0.0,0.0,0.0,0.0,1
297,1,1,1,45,10,1287,4,2,1,1,0,0,0,0,0,1,0,0,0,0,1,0,1,0,0,0,1,0,0.0,0.0,0.0,0.0,0.0,1.0,0.0,0.0,0.0,0.0,1
73,0,0,0,41,42,5954,2,1,2,1,0,1,0,0,0,1,0,1,1,0,0,0,1,0,0,0,1,0,1.0,0.0,0.0,0.0,0.0,0.0,0.0,0.0,0.0,0.0,1
393,0,0,0,31,6,1957,1,4,1,1,0,0,0,0,0,1,0,1,0,0,0,0,1,0,0,0,1,1,0.0,0.0,1.0,0.0,0.0,0.0,0.0,0.0,0.0,0.0,1
547,1,0,1,32,24,1552,3,1,1,2,0,0,0,0,0,1,0,0,1,0,0,0,1,0,0,0,1,1,0.0,0.0,1.0,0.0,0.0,0.0,0.0,0.0,0.0,0.0,1
579,1,0,0,27,24,937,4,3,2,1,0,0,0,0,0,1,0,0,0,0,0,0,1,0,0,1,0,0,0.0,0.0,0.0,0.0,0.0,0.0,0.0,0.0,1.0,0.0,1
541,1,0,1,60,24,2032,4,4,2,1,1,0,0,0,0,0,0,0,0,0,0,0,0,0,0,0,1,1,0.0,0.0,0.0,0.0,0.0,1.0,0.0,0.0,0.0,0.0,1
854,1,0,1,45,36,10875,2,2,2,2,1,0,0,0,0,0,0,0,0,0,0,0,1,0,0,0,1,1,0.0,0.0,0.0,0.0,0.0,1.0,0.0,0.0,0.0,0.0,1
833,0,0,0,42,24,5084,2,4,1,1,1,1,0,0,0,1,0,0,0,0,0,0,1,0,0,0,1,1,0.0,0.0,1.0,0.0,0.0,0.0,0.0,0.0,0.0,0.0,1
840,1,0,1,29,36,5179,4,2,1,1,0,0,0,0,0,1,0,0,0,0,0,0,1,0,0,0,1,1,0.0,0.0,0.0,1.0,0.0,0.0,0.0,0.0,0.0,0.0,0
663,1,0,1,35,6,1050,4,1,2,1,1,1,0,0,0,0,0,0,0,0,0,0,1,0,1,0,0,1,0.0,0.0,0.0,1.0,0.0,0.0,0.0,0.0,0.0,0.0,1
217,1,0,1,23,36,3913,2,2,1,1,1,1,1,0,0,1,0,0,0,0,0,0,1,0,0,0,0,1,0.0,0.0,1.0,0.0,0.0,0.0,0.0,0.0,0.0,0.0,1
539,0,0,0,45,18,3049,1,1,1,1,0,1,1,0,0,1,0,0,0,0,0,0,1,0,0,1,0,0,0.0,0.0,0.0,1.0,0.0,0.0,0.0,0.0,0.0,0.0,1
828,1,0,1,47,36,8335,3,4,1,1,0,0,0,0,0,1,0,0,0,0,0,0,0,0,0,0,1,1,0.0,0.0,0.0,0.0,0.0,0.0,0.0,0.0,0.0,1.0,0
623,0,0,0,22,12,1858,4,1,1,1,0,0,0,0,0,1,0,0,0,0,0,0,0,1,0,1,0,1,0.0,0.0,0.0,1.0,0.0,0.0,0.0,0.0,0.0,0.0,1
668,1,0,1,43,12,4843,3,4,2,1,1,0,0,0,0,1,0,1,0,0,1,0,0,1,0,0,1,1,0.0,0.0,0.0,0.0,0.0,1.0,0.0,0.0,0.0,0.0,0
824,1,0,0,35,18,3780,3,2,2,1,1,0,0,0,0,1,0,1,0,0,0,0,1,0,0,1,0,1,0.0,0.0,0.0,1.0,0.0,0.0,0.0,0.0,0.0,0.0,1
421,1,0,1,30,12,2028,4,2,1,1,0,1,0,0,0,1,0,0,0,0,0,0,1,0,0,0,0,1,0.0,0.0,0.0,0.0,0.0,0.0,0.0,0.0,0.0,1.0,1
694,1,0,1,28,24,2284,4,2,1,1,1,0,0,0,0,1,0,0,0,0,0,0,1,0,0,0,1,1,0.0,0.0,1.0,0.0,0.0,0.0,0.0,0.0,0.0,0.0,1
138,1,0,1,35,15,2728,4,2,3,1,1,1,0,0,0,1,0,1,1,0,0,1,1,0,0,0,1,1,0.0,0.0,1.0,0.0,0.0,0.0,0.0,0.0,0.0,0.0,1
212,1,0,1,50,27,5293,2,4,2,1,1,0,0,0,0,1,0,0,0,0,0,0,1,0,1,0,0,1,1.0,0.0,0.0,0.0,0.0,0.0,0.0,0.0,0.0,0.0,0
616,1,0,1,27,60,9157,2,2,1,1,0,1,0,0,0,0,0,0,0,0,0,0,0,0,0,0,0,1,0.0,0.0,1.0,0.0,0.0,0.0,0.0,0.0,0.0,0.0,1
842,0,0,0,23,18,1943,4,4,1,1,0,0,0,0,0,1,0,0,0,0,0,0,1,0,0,1,0,1,0.0,0.0,0.0,0.0,0.0,0.0,0.0,1.0,0.0,0.0,0
838,1,0,1,63,24,2957,4,4,2,1,1,0,0,0,0,1,0,1,0,0,0,0,1,0,0,0,1,1,0.0,0.0,0.0,0.0,0.0,0.0,0.0,0.0,0.0,1.0,1
866,0,0,0,27,18,2389,4,1,1,1,0,0,0,0,0,1,0,0,0,0,0,0,1,0,0,1,0,1,0.0,0.0,1.0,0.0,0.0,0.0,0.0,0.0,0.0,0.0,1
727,0,0,0,25,18,1882,4,4,2,1,0,0,0,0,0,1,0,0,1,0,0,0,0,1,0,0,0,1,0.0,0.0,1.0,0.0,0.0,0.0,0.0,0.0,0.0,0.0,0
965,0,0,0,26,30,1715,4,1,1,1,0,1,0,0,0,1,0,0,0,0,0,0,1,0,0,0,0,1,0.0,0.0,1.0,0.0,0.0,0.0,0.0,0.0,0.0,0.0,1
701,1,0,1,46,48,6331,4,4,2,1,1,0,0,0,0,1,0,1,0,0,0,0,0,0,0,0,1,1,0.0,0.0,0.0,0.0,0.0,0.0,0.0,0.0,0.0,1.0,0
726,1,0,0,47,15,1316,2,2,2,1,0,0,0,1,1,1,0,1,0,0,0,0,1,0,0,0,0,0,0.0,0.0,1.0,0.0,0.0,0.0,0.0,0.0,0.0,0.0,1
917,1,0,1,68,6,14896,1,4,1,1,1,0,0,0,0,1,0,0,1,0,0,0,1,0,0,0,1,1,0.0,0.0,0.0,0.0,0.0,1.0,0.0,0.0,0.0,0.0,0
716,1,0,1,40,30,3077,3,2,2,2,1,0,0,0,0,1,0,1,0,0,0,0,1,0,0,0,1,1,0.0,0.0,1.0,0.0,0.0,0.0,0.0,0.0,0.0,0.0,1
234,1,0,1,42,4,1544,2,1,3,2,0,0,0,0,0,1,0,1,0,0,0,0,1,0,0,0,1,0,0.0,0.0,1.0,0.0,0.0,0.0,0.0,0.0,0.0,0.0,1
67,1,0,0,22,12,1007,4,1,1,1,0,1,0,1,1,1,0,0,0,0,0,0,1,0,0,0,0,1,0.0,0.0,0.0,0.0,0.0,1.0,0.0,0.0,0.0,0.0,1
24,1,1,0,26,10,2069,2,1,2,1,0,0,0,0,0,1,0,1,0,0,0,0,1,0,0,0,0,1,0.0,0.0,0.0,1.0,0.0,0.0,0.0,0.0,0.0,0.0,1
381,0,0,0,38,18,12976,3,4,1,1,1,1,0,0,0,1,0,0,0,0,0,0,0,0,1,0,0,1,0.0,0.0,0.0,0.0,0.0,0.0,0.0,0.0,0.0,1.0,0
216,1,0,1,31,18,3104,3,1,1,1,1,0,0,0,0,1,0,0,1,0,0,0,1,0,0,0,1,1,1.0,0.0,0.0,0.0,0.0,0.0,0.0,0.0,0.0,0.0,1
735,0,0,0,29,36,3990,3,2,1,1,0,1,0,0,0,1,1,0,1,0,0,0,1,0,0,1,0,0,0.0,0.0,0.0,0.0,1.0,0.0,0.0,0.0,0.0,0.0,1
129,0,0,0,29,12,3499,3,2,2,1,0,0,0,0,0,1,0,1,0,0,1,0,1,0,0,0,0,1,0.0,0.0,0.0,0.0,0.0,1.0,0.0,0.0,0.0,0.0,0
349,1,0,1,32,9,1136,4,3,2,2,0,1,0,1,1,1,0,1,0,0,0,0,0,0,0,0,1,1,0.0,1.0,0.0,0.0,0.0,0.0,0.0,0.0,0.0,0.0,0
111,0,0,0,23,15,392,4,4,1,1,1,1,1,0,0,1,0,0,0,0,0,0,0,1,0,1,0,1,0.0,1.0,0.0,0.0,0.0,0.0,0.0,0.0,0.0,0.0,1
166,0,0,0,33,18,1131,4,2,1,1,0,0,0,0,0,1,0,0,0,0,0,0,1,0,1,0,0,1,0.0,0.0,0.0,1.0,0.0,0.0,0.0,0.0,0.0,0.0,0
207,1,0,1,26,12,1424,4,3,1,1,0,1,0,0,0,1,0,1,0,0,0,0,1,0,0,0,1,1,0.0,0.0,0.0,0.0,1.0,0.0,0.0,0.0,0.0,0.0,1
438,1,0,1,65,42,3394,4,4,2,1,0,0,0,0,0,1,0,1,0,0,1,0,1,0,1,0,0,0,0.0,0.0,0.0,0.0,0.0,0.0,0.0,1.0,0.0,0.0,1
552,1,0,0,34,48,6999,1,1,2,1,1,0,0,0,0,1,0,0,0,0,0,1,1,0,0,0,1,1,0.0,0.0,1.0,0.0,0.0,0.0,0.0,0.0,0.0,0.0,0
274,1,0,0,34,30,11998,1,1,1,1,1,0,0,0,0,1,0,0,0,0,0,0,1,0,0,1,0,0,0.0,0.0,0.0,0.0,0.0,0.0,0.0,1.0,0.0,0.0,0
974,0,0,0,33,30,2831,4,2,1,1,1,0,0,0,0,1,0,1,0,0,0,0,1,0,0,0,0,1,0.0,0.0,1.0,0.0,0.0,0.0,0.0,0.0,0.0,0.0,1
591,0,0,0,42,24,1965,4,4,2,1,1,1,0,0,0,0,0,0,0,0,0,0,0,1,0,0,0,1,0.0,0.0,0.0,0.0,0.0,1.0,0.0,0.0,0.0,0.0,1
800,1,0,1,54,24,1597,4,4,2,2,0,0,0,0,0,1,0,1,0,0,0,0,0,0,0,0,1,1,0.0,1.0,0.0,0.0,0.0,0.0,0.0,0.0,0.0,0.0,1
937,1,0,0,30,6,2063,4,3,1,1,1,1,0,0,0,1,0,0,0,0,0,0,0,1,0,1,0,1,0.0,0.0,1.0,0.0,0.0,0.0,0.0,0.0,0.0,0.0,1
525,1,0,1,30,26,7966,2,3,2,1,0,1,0,0,0,1,0,0,0,0,0,0,1,0,0,1,0,1,0.0,0.0,0.0,0.0,0.0,0.0,0.0,0.0,0.0,1.0,1
287,1,0,1,31,48,7582,2,4,1,1,1,1,0,1,0,0,0,0,0,0,0,0,0,0,1,0,0,1,0.0,0.0,0.0,0.0,0.0,0.0,1.0,0.0,0.0,0.0,1
469,1,0,1,35,24,4679,3,3,2,1,1,0,0,0,0,0,0,0,0,0,0,0,1,0,0,0,1,0,0.0,0.0,0.0,0.0,0.0,0.0,0.0,0.0,0.0,1.0,1
326,1,0,1,49,12,5801,2,4,1,1,1,0,0,0,0,1,0,1,0,0,0,0,0,1,0,0,1,1,0.0,0.0,0.0,1.0,0.0,0.0,0.0,0.0,0.0,0.0,1
121,0,0,0,41,24,3868,4,2,2,1,1,0,0,0,0,1,0,1,0,0,0,0,0,1,0,0,1,1,0.0,0.0,0.0,0.0,0.0,0.0,0.0,0.0,0.0,1.0,1
994,1,0,1,50,12,2390,4,3,1,1,1,0,0,0,0,1,0,0,0,0,0,0,1,0,0,0,1,1,0.0,0.0,0.0,0.0,0.0,1.0,0.0,0.0,0.0,0.0,1
507,1,0,1,34,15,6850,1,2,1,2,1,1,0,1,0,1,1,0,0,0,0,0,1,0,1,0,0,1,0.0,0.0,0.0,0.0,0.0,1.0,0.0,0.0,0.0,0.0,0
228,1,0,1,22,9,1478,4,2,1,1,0,0,0,0,0,1,0,0,0,0,0,0,1,0,0,0,1,1,0.0,0.0,1.0,0.0,0.0,0.0,0.0,0.0,0.0,0.0,0
673,1,0,0,24,6,2080,1,2,1,1,0,0,0,1,1,1,0,1,0,0,0,0,1,0,0,0,0,1,0.0,0.0,0.0,0.0,0.0,1.0,0.0,0.0,0.0,0.0,1
595,0,0,0,32,6,931,1,1,1,1,0,1,0,1,0,1,1,0,0,0,0,0,1,0,0,1,0,0,0.0,0.0,0.0,0.0,0.0,1.0,0.0,0.0,0.0,0.0,0
445,0,0,0,41,9,1244,4,4,2,1,0,0,0,0,0,1,0,1,0,0,0,0,0,1,0,0,1,0,0.0,1.0,0.0,0.0,0.0,0.0,0.0,0.0,0.0,0.0,1
117,0,1,0,27,10,2132,2,3,2,1,0,0,0,0,0,1,0,1,0,0,1,0,0,1,0,1,0,1,0.0,0.0,0.0,1.0,0.0,0.0,0.0,0.0,0.0,0.0,1
464,1,0,1,34,18,1950,4,1,2,1,1,0,0,0,0,1,0,0,0,0,0,0,1,0,0,0,1,1,1.0,0.0,0.0,0.0,0.0,0.0,0.0,0.0,0.0,0.0,1
25,1,0,1,36,6,1374,1,2,1,1,1,0,0,0,0,1,0,0,1,0,0,0,1,0,0,0,0,0,0.0,0.0,0.0,1.0,0.0,0.0,0.0,0.0,0.0,0.0,1
110,1,0,0,31,6,1449,1,2,2,2,0,1,0,1,0,0,0,0,1,0,0,0,1,0,0,0,1,1,1.0,0.0,0.0,0.0,0.0,0.0,0.0,0.0,0.0,0.0,1
149,1,0,1,46,18,1582,4,4,2,1,0,0,0,1,1,1,0,1,0,0,0,0,1,0,0,0,1,1,0.0,0.0,1.0,0.0,0.0,0.0,0.0,0.0,0.0,0.0,1
152,1,0,1,24,36,5848,4,1,1,1,0,1,1,0,0,1,0,0,0,0,0,0,1,0,0,0,0,1,0.0,0.0,1.0,0.0,0.0,0.0,0.0,0.0,0.0,0.0,1
528,1,0,0,31,36,2302,4,4,1,1,0,0,0,0,0,1,0,0,0,0,0,0,0,1,0,0,0,1,0.0,0.0,1.0,0.0,0.0,0.0,0.0,0.0,0.0,0.0,0
696,1,1,1,29,12,1103,4,3,2,1,0,1,0,0,0,1,0,0,0,0,0,1,1,0,0,0,1,1,0.0,0.0,1.0,0.0,0.0,0.0,0.0,0.0,0.0,0.0,1
621,1,0,1,32,18,1530,3,2,2,1,0,0,0,0,0,1,0,1,1,0,0,0,1,0,0,0,0,1,0.0,0.0,0.0,0.0,0.0,1.0,0.0,0.0,0.0,0.0,0
461,1,0,1,36,15,1721,2,3,1,1,0,0,0,0,0,1,0,0,0,0,0,0,1,0,0,1,0,1,0.0,0.0,0.0,0.0,0.0,1.0,0.0,0.0,0.0,0.0,1
598,1,0,1,31,18,2775,2,2,2,1,0,0,0,0,0,1,0,1,1,0,0,0,1,0,0,0,1,1,0.0,0.0,0.0,0.0,0.0,1.0,0.0,0.0,0.0,0.0,0
139,0,0,0,44,12,1881,2,2,1,1,1,1,1,0,0,1,0,0,0,0,0,0,0,1,0,0,0,0,0.0,0.0,1.0,0.0,0.0,0.0,0.0,0.0,0.0,0.0,1
749,1,0,1,33,15,3029,2,2,1,1,0,0,0,0,0,1,0,0,0,0,0,0,1,0,0,0,1,1,0.0,0.0,0.0,0.0,0.0,0.0,0.0,0.0,0.0,1.0,1
260,1,0,1,27,12,1657,2,2,1,1,0,0,0,0,0,1,0,0,0,0,0,0,1,0,0,0,0,1,0.0,0.0,0.0,1.0,0.0,0.0,0.0,0.0,0.0,0.0,1
961,1,0,0,47,21,2353,1,4,2,1,0,1,0,0,0,0,0,0,0,0,0,0,1,0,0,0,0,1,0.0,0.0,0.0,0.0,0.0,1.0,0.0,0.0,0.0,0.0,1
323,1,0,1,28,18,2659,4,2,1,1,0,0,0,1,1,1,0,0,0,0,0,0,1,0,0,0,0,1,0.0,0.0,0.0,1.0,0.0,0.0,0.0,0.0,0.0,0.0,1
897,0,1,0,35,12,1592,3,2,1,1,0,0,0,1,1,1,0,1,0,0,0,0,1,0,0,0,1,1,0.0,0.0,0.0,1.0,0.0,0.0,0.0,0.0,0.0,0.0,1
248,1,0,1,26,24,1925,2,2,1,1,0,1,1,0,0,1,0,0,0,0,0,0,1,0,0,0,0,1,0.0,0.0,0.0,1.0,0.0,0.0,0.0,0.0,0.0,0.0,1
450,1,0,1,30,36,11054,4,2,1,1,1,0,0,0,0,1,0,1,0,0,0,0,1,0,0,0,0,1,0.0,0.0,0.0,0.0,0.0,0.0,0.0,0.0,0.0,1.0,1
410,0,0,0,20,24,1967,4,4,1,1,1,1,0,0,0,1,0,0,0,0,0,0,1,0,0,0,1,1,0.0,0.0,1.0,0.0,0.0,0.0,0.0,0.0,0.0,0.0,1
607,0,0,0,50,36,2671,4,4,1,1,0,1,0,1,0,1,0,0,0,0,1,0,0,0,0,0,0,1,0.0,0.0,1.0,0.0,0.0,0.0,0.0,0.0,0.0,0.0,0
19,1,0,1,31,24,3430,3,2,1,2,1,0,0,1,1,1,0,0,0,0,0,0,1,0,0,0,1,1,0.0,0.0,1.0,0.0,0.0,0.0,0.0,0.0,0.0,0.0,1
328,1,0,1,31,36,4473,4,2,1,1,0,1,1,0,0,1,0,0,0,0,0,0,1,0,0,0,1,1,0.0,0.0,1.0,0.0,0.0,0.0,0.0,0.0,0.0,0.0,1
296,0,0,0,20,12,4675,1,4,1,1,0,0,0,0,0,1,0,0,0,0,0,0,0,1,0,1,0,1,0.0,0.0,0.0,0.0,0.0,0.0,0.0,0.0,0.0,1.0,1
269,1,0,1,25,24,999,4,2,2,1,0,0,0,0,0,1,0,0,0,0,0,0,1,0,0,0,1,1,0.0,0.0,1.0,0.0,0.0,0.0,0.0,0.0,0.0,0.0,1
226,1,0,1,27,48,10961,1,2,2,1,1,1,0,1,1,1,0,0,1,0,1,0,1,0,0,0,1,1,0.0,0.0,1.0,0.0,0.0,0.0,0.0,0.0,0.0,0.0,0
94,1,0,1,54,12,1318,4,4,1,1,1,1,0,1,1,1,0,0,0,0,0,0,1,0,0,0,1,1,0.0,0.0,0.0,0.0,0.0,1.0,0.0,0.0,0.0,0.0,1
515,0,1,0,37,6,609,4,3,2,1,0,0,0,0,0,1,0,1,0,0,0,0,1,0,0,0,1,1,0.0,0.0,0.0,0.0,0.0,1.0,0.0,0.0,0.0,0.0,1
841,1,0,1,28,21,2993,3,2,2,1,0,0,0,0,0,0,0,0,0,0,0,0,1,0,0,0,0,0,0.0,0.0,0.0,0.0,0.0,0.0,0.0,0.0,0.0,1.0,1
637,1,0,1,21,60,15653,2,4,2,1,1,0,0,0,0,0,0,0,0,0,0,0,1,0,0,0,1,1,0.0,0.0,1.0,0.0,0.0,0.0,0.0,0.0,0.0,0.0,1
280,1,0,1,23,15,3368,3,4,2,1,1,0,0,1,1,1,0,1,0,0,0,0,0,1,0,0,1,1,0.0,0.0,0.0,0.0,0.0,0.0,0.0,0.0,0.0,1.0,1
286,1,0,1,26,48,4788,4,3,1,2,0,0,0,0,0,1,0,0,0,0,0,0,1,0,0,0,1,1,0.0,0.0,0.0,0.0,0.0,0.0,0.0,0.0,0.0,1.0,1
589,1,0,1,60,12,2246,3,3,2,1,0,0,0,0,0,1,0,1,0,0,0,0,1,0,0,0,1,1,0.0,0.0,0.0,1.0,0.0,0.0,0.0,0.0,0.0,0.0,0
930,1,1,1,24,24,1747,4,1,1,1,0,0,0,0,0,1,0,0,0,0,1,0,1,0,0,1,0,0,0.0,0.0,0.0,1.0,0.0,0.0,0.0,0.0,0.0,0.0,1
444,0,0,0,30,48,5096,2,3,1,1,1,1,0,0,0,1,0,1,0,0,0,0,1,0,0,0,0,1,0.0,0.0,0.0,1.0,0.0,0.0,0.0,0.0,0.0,0.0,0
184,1,0,1,36,18,884,4,4,1,2,1,1,0,0,0,1,0,1,1,0,0,0,1,0,0,0,1,1,0.0,0.0,0.0,0.0,0.0,1.0,0.0,0.0,0.0,0.0,0
371,1,0,1,33,18,6070,3,4,2,1,1,0,0,0,0,1,0,1,0,0,0,0,1,0,0,0,1,1,0.0,0.0,1.0,0.0,0.0,0.0,0.0,0.0,0.0,0.0,1
872,1,0,1,26,24,1382,4,1,2,1,1,0,0,1,0,1,0,1,0,0,0,0,1,0,0,0,1,1,1.0,0.0,0.0,0.0,0.0,0.0,0.0,0.0,0.0,0.0,1
976,0,0,0,64,6,753,2,3,1,1,0,1,0,0,0,1,0,0,0,0,0,1,1,0,0,0,0,1,0.0,0.0,1.0,0.0,0.0,0.0,0.0,0.0,0.0,0.0,1
275,1,0,1,32,9,2697,1,2,1,2,0,0,0,0,0,1,0,0,0,0,0,0,1,0,0,0,0,1,0.0,0.0,1.0,0.0,0.0,0.0,0.0,0.0,0.0,0.0,1
806,1,1,0,26,6,590,3,3,1,1,0,1,0,0,0,1,0,0,0,0,0,0,1,0,0,1,0,0,0.0,0.0,1.0,0.0,0.0,0.0,0.0,0.0,0.0,0.0,1
935,1,0,1,30,30,1919,4,3,2,1,0,1,0,1,0,0,0,0,0,0,0,0,1,0,0,1,0,1,0.0,0.0,1.0,0.0,0.0,0.0,0.0,0.0,0.0,0.0,0
182,1,0,1,40,21,1647,4,2,2,2,0,0,0,0,0,1,1,0,0,0,0,0,1,0,0,0,0,0,0.0,0.0,0.0,0.0,0.0,1.0,0.0,0.0,0.0,0.0,0
32,1,0,1,30,18,5866,2,2,2,1,1,1,0,1,0,1,0,0,0,0,0,0,1,0,0,0,0,1,0.0,0.0,0.0,0.0,0.0,1.0,0.0,0.0,0.0,0.0,1
80,0,0,0,44,24,5943,1,1,2,1,1,0,0,0,0,1,0,0,0,0,0,0,1,0,0,1,0,1,0.0,0.0,1.0,0.0,0.0,0.0,0.0,0.0,0.0,0.0,0
307,1,0,0,33,12,727,4,3,1,1,1,0,0,1,0,1,0,0,0,0,0,0,1,0,0,1,0,0,0.0,0.0,1.0,0.0,0.0,0.0,0.0,0.0,0.0,0.0,0
770,0,0,0,26,24,2812,2,4,1,1,0,0,0,0,0,1,0,0,0,0,0,0,0,1,0,0,1,1,0.0,0.0,0.0,0.0,0.0,0.0,0.0,0.0,0.0,1.0,1
11,0,0,0,24,48,4308,3,4,1,1,0,0,0,0,0,1,0,0,0,0,0,0,0,1,0,1,0,1,1.0,0.0,0.0,0.0,0.0,0.0,0.0,0.0,0.0,0.0,0
43,1,0,0,24,30,6187,1,4,2,1,0,0,0,1,0,1,0,1,0,0,0,0,0,1,0,0,1,1,0.0,0.0,0.0,0.0,0.0,0.0,0.0,0.0,0.0,1.0,1
86,0,0,0,27,18,1295,4,1,2,1,0,1,0,0,0,1,0,1,0,0,0,0,1,0,0,1,0,1,0.0,0.0,0.0,1.0,0.0,0.0,0.0,0.0,0.0,0.0,1
778,1,0,1,38,36,5711,4,2,2,1,1,0,0,1,1,1,0,1,0,0,0,0,1,0,0,0,1,1,0.0,0.0,0.0,0.0,0.0,0.0,0.0,0.0,0.0,1.0,1
36,1,0,1,31,48,6110,1,3,1,1,1,0,0,0,0,1,0,1,1,0,0,0,0,0,0,0,0,1,0.0,1.0,0.0,0.0,0.0,0.0,0.0,0.0,0.0,0.0,1
980,1,0,1,49,30,8386,2,2,1,1,0,1,0,0,0,1,0,1,0,0,0,0,1,0,0,0,1,1,0.0,0.0,0.0,1.0,0.0,0.0,0.0,0.0,0.0,0.0,0
58,0,0,0,23,18,1961,3,2,1,1,0,1,1,0,0,1,0,0,0,0,0,0,1,0,0,0,1,1,0.0,0.0,0.0,0.0,0.0,1.0,0.0,0.0,0.0,0.0,1
41,1,0,0,26,12,1158,3,1,1,1,1,1,0,1,1,1,0,0,0,0,0,0,1,0,0,0,0,1,0.0,0.0,1.0,0.0,0.0,0.0,0.0,0.0,0.0,0.0,1
782,1,0,1,31,12,1410,2,2,1,1,1,1,0,0,0,1,0,0,0,0,0,0,1,0,0,0,0,0,0.0,0.0,0.0,0.0,0.0,0.0,0.0,0.0,1.0,0.0,1
411,1,0,1,35,33,7253,3,2,2,1,1,0,0,0,0,1,0,1,0,0,0,0,1,0,0,0,1,1,0.0,0.0,0.0,0.0,0.0,0.0,0.0,0.0,0.0,1.0,1
562,0,0,0,29,6,683,2,1,1,1,0,1,1,0,0,0,0,0,1,0,0,0,1,0,0,1,0,1,0.0,0.0,1.0,0.0,0.0,0.0,0.0,0.0,0.0,0.0,1
209,1,1,1,55,12,1413,3,2,1,1,0,0,0,1,1,1,0,0,0,0,0,0,1,0,0,0,1,1,0.0,0.0,0.0,0.0,0.0,0.0,0.0,0.0,0.0,1.0,1
148,1,0,1,28,36,5371,3,2,2,1,0,0,0,0,0,1,0,1,0,0,0,1,1,0,0,0,0,1,0.0,0.0,0.0,1.0,0.0,0.0,0.0,0.0,0.0,0.0,1
739,0,0,0,26,30,4280,4,4,2,1,0,1,0,1,0,1,0,0,0,0,0,0,0,1,0,0,0,0,1.0,0.0,0.0,0.0,0.0,0.0,0.0,0.0,0.0,0.0,0
594,1,0,1,40,24,1358,4,3,1,1,1,0,0,0,0,1,1,0,0,0,0,0,1,0,0,0,1,1,0.0,0.0,0.0,0.0,0.0,0.0,1.0,0.0,0.0,0.0,0
123,1,0,1,63,10,781,4,4,2,1,1,1,1,0,0,1,0,1,0,0,0,0,0,0,0,0,1,1,0.0,0.0,0.0,0.0,0.0,1.0,0.0,0.0,0.0,0.0,1
734,0,0,0,37,4,3380,1,1,1,2,0,0,0,0,0,1,0,1,0,0,0,0,1,0,0,0,1,1,0.0,0.0,0.0,0.0,0.0,1.0,0.0,0.0,0.0,0.0,1
574,1,0,1,27,9,1082,4,4,2,1,0,1,0,0,0,1,0,0,0,0,0,0,1,0,0,0,1,0,0.0,0.0,1.0,0.0,0.0,0.0,0.0,0.0,0.0,0.0,1
98,1,0,1,36,36,2337,4,4,1,1,0,1,0,0,0,1,0,1,0,0,0,0,1,0,0,0,1,1,0.0,0.0,1.0,0.0,0.0,0.0,0.0,0.0,0.0,0.0,1
377,1,0,1,36,7,846,3,4,1,1,0,0,0,0,0,0,0,0,0,0,0,0,0,0,0,0,1,1,0.0,0.0,1.0,0.0,0.0,0.0,0.0,0.0,0.0,0.0,1
130,0,0,0,24,48,8487,1,2,1,1,0,1,0,0,0,1,0,0,0,0,0,0,1,0,0,0,1,1,0.0,0.0,0.0,0.0,0.0,1.0,0.0,0.0,0.0,0.0,1
699,1,0,1,40,15,1905,4,4,1,1,1,1,1,0,0,1,0,0,0,0,0,0,0,1,0,0,1,1,0.0,1.0,0.0,0.0,0.0,0.0,0.0,0.0,0.0,0.0,1
23,1,0,1,44,12,1804,3,4,1,1,0,1,0,1,0,1,0,1,0,0,0,0,1,0,0,1,0,1,0.0,0.0,0.0,0.0,0.0,0.0,0.0,0.0,0.0,1.0,1
869,0,0,0,24,12,652,4,4,1,1,0,0,0,0,0,1,0,0,0,0,0,0,0,1,0,0,1,1,0.0,0.0,0.0,1.0,0.0,0.0,0.0,0.0,0.0,0.0,1
555,1,0,1,22,12,1331,2,1,1,1,0,1,0,0,0,1,0,0,0,0,0,0,1,0,0,1,0,1,0.0,0.0,1.0,0.0,0.0,0.0,0.0,0.0,0.0,0.0,0
370,1,0,1,36,36,3079,4,4,1,1,0,0,0,0,0,1,0,0,0,0,0,0,1,0,0,0,0,1,0.0,0.0,0.0,0.0,0.0,1.0,0.0,0.0,0.0,0.0,1
512,1,0,1,26,15,2687,2,4,1,1,1,1,1,0,0,1,0,0,0,0,0,0,0,1,0,0,1,1,1.0,0.0,0.0,0.0,0.0,0.0,0.0,0.0,0.0,0.0,1
383,1,0,1,26,12,1330,4,1,1,1,0,1,1,0,0,1,0,0,0,0,0,0,1,0,0,1,0,1,0.0,0.0,0.0,0.0,0.0,1.0,0.0,0.0,0.0,0.0,1
201,1,0,0,27,12,1168,4,3,1,1,0,0,0,0,0,1,0,0,0,0,0,0,1,0,0,0,0,0,0.0,0.0,0.0,0.0,0.0,1.0,0.0,0.0,0.0,0.0,1
368,1,0,1,42,36,3446,4,2,1,2,0,0,0,0,0,1,0,0,0,0,0,0,1,0,0,0,1,1,0.0,0.0,0.0,1.0,0.0,0.0,0.0,0.0,0.0,0.0,0
554,0,0,0,67,9,1199,4,4,2,1,1,1,0,0,0,1,0,0,0,0,0,0,1,0,0,0,1,1,0.0,1.0,0.0,0.0,0.0,0.0,0.0,0.0,0.0,0.0,1
610,0,0,0,22,12,741,4,3,1,1,0,0,0,1,0,1,0,0,0,0,0,0,1,0,1,0,0,1,0.0,0.0,0.0,0.0,1.0,0.0,0.0,0.0,0.0,0.0,0
387,1,0,1,40,18,7374,4,4,2,1,1,1,0,0,0,1,0,1,0,0,0,0,1,0,1,0,0,1,0.0,0.0,0.0,1.0,0.0,0.0,0.0,0.0,0.0,0.0,1
861,1,0,0,28,18,2169,4,2,1,1,1,0,0,0,0,0,0,0,0,0,0,0,1,0,0,0,0,1,1.0,0.0,0.0,0.0,0.0,0.0,0.0,0.0,0.0,0.0,0
816,1,0,0,62,6,1338,1,4,1,1,0,0,0,1,1,1,0,0,0,0,0,0,1,0,0,0,0,1,0.0,0.0,0.0,0.0,1.0,0.0,0.0,0.0,0.0,0.0,1
292,0,0,0,44,24,6419,2,4,2,2,1,0,0,0,0,1,0,1,0,0,0,0,0,0,0,0,1,1,0.0,0.0,0.0,0.0,0.0,0.0,0.0,0.0,0.0,1.0,1
690,1,0,0,25,15,975,2,3,2,1,0,0,0,0,0,1,0,1,0,0,0,0,1,0,0,0,0,1,0.0,0.0,0.0,1.0,0.0,0.0,0.0,0.0,0.0,0.0,1
256,1,0,1,35,24,2684,4,2,2,1,0,0,0,0,0,1,0,1,0,0,0,0,1,0,0,0,0,0,0.0,0.0,1.0,0.0,0.0,0.0,0.0,0.0,0.0,0.0,1
606,1,0,1,74,24,4526,3,2,1,1,1,0,0,0,0,1,0,1,0,0,0,0,1,0,0,0,0,1,1.0,0.0,0.0,0.0,0.0,0.0,0.0,0.0,0.0,0.0,1
197,0,0,0,27,12,951,4,4,4,1,0,1,0,1,0,1,0,0,1,0,0,0,0,1,0,1,0,1,0.0,0.0,0.0,1.0,0.0,0.0,0.0,0.0,0.0,0.0,0
95,1,0,1,58,54,15945,3,4,1,1,1,1,0,0,0,1,0,0,0,0,0,0,0,1,0,1,0,1,1.0,0.0,0.0,0.0,0.0,0.0,0.0,0.0,0.0,0.0,0
962,1,0,1,29,15,3556,3,2,1,1,0,0,0,0,0,1,0,0,0,0,0,0,1,0,0,0,0,1,0.0,0.0,0.0,0.0,0.0,1.0,0.0,0.0,0.0,0.0,1
943,1,0,1,42,4,1455,2,1,3,2,0,0,0,0,0,1,0,1,0,0,0,0,1,0,0,0,1,0,0.0,0.0,0.0,0.0,0.0,1.0,0.0,0.0,0.0,0.0,1
169,1,0,0,31,24,1935,4,4,2,1,1,1,0,0,0,1,0,1,0,0,0,0,1,0,0,0,1,1,1.0,0.0,0.0,0.0,0.0,0.0,0.0,0.0,0.0,0.0,0
581,1,0,1,49,12,3124,1,3,2,2,0,1,0,0,0,1,0,1,1,0,0,0,1,0,0,1,0,0,0.0,0.0,0.0,0.0,0.0,1.0,0.0,0.0,0.0,0.0,1
305,1,0,0,33,6,1543,4,2,1,1,0,0,0,1,1,1,0,0,0,0,0,0,1,0,0,0,0,1,0.0,0.0,0.0,1.0,0.0,0.0,0.0,0.0,0.0,0.0,1
560,1,0,1,49,24,2964,4,4,1,2,1,0,0,0,0,1,0,0,1,0,0,0,0,0,0,0,1,1,0.0,0.0,0.0,0.0,0.0,0.0,0.0,0.0,0.0,1.0,1
853,1,0,1,32,18,1442,4,4,2,2,0,0,0,0,0,1,1,0,0,0,0,0,0,0,0,0,1,0,0.0,0.0,0.0,0.0,0.0,1.0,0.0,0.0,0.0,0.0,0
373,1,0,1,63,60,13756,2,4,1,1,1,0,0,0,0,1,0,1,1,0,0,0,0,0,0,0,1,1,0.0,0.0,0.0,0.0,0.0,1.0,0.0,0.0,0.0,0.0,1
719,1,0,0,31,20,6148,3,4,2,1,1,1,0,1,0,1,0,0,1,0,0,0,1,0,0,0,1,1,0.0,0.0,0.0,0.0,0.0,0.0,0.0,0.0,0.0,1.0,1
791,1,0,1,41,24,6313,3,4,1,2,1,0,0,0,0,1,0,0,0,0,0,0,1,0,0,0,1,1,0.0,0.0,0.0,0.0,0.0,0.0,0.0,0.0,0.0,1.0,1
227,1,0,1,53,12,7865,4,4,1,1,1,0,0,0,0,1,0,0,0,0,0,0,0,0,0,0,1,1,0.0,0.0,0.0,1.0,0.0,0.0,0.0,0.0,0.0,0.0,0
660,1,0,0,23,12,1297,3,4,1,1,0,1,1,0,0,1,0,0,0,0,0,0,0,1,0,0,0,1,0.0,0.0,1.0,0.0,0.0,0.0,0.0,0.0,0.0,0.0,1
143,1,0,1,22,18,2462,2,2,1,1,0,0,0,0,0,1,0,0,0,0,0,0,1,0,0,0,0,1,0.0,0.0,0.0,1.0,0.0,0.0,0.0,0.0,0.0,0.0,0
846,1,0,1,68,18,6761,2,4,2,1,0,0,0,0,0,1,0,0,0,0,0,0,0,1,0,0,0,1,0.0,0.0,0.0,0.0,0.0,1.0,0.0,0.0,0.0,0.0,0
180,1,0,0,28,36,9572,1,1,2,1,0,0,0,0,0,0,0,0,0,0,0,0,1,0,0,1,0,1,1.0,0.0,0.0,0.0,0.0,0.0,0.0,0.0,0.0,0.0,0
868,1,0,1,37,36,7409,3,2,2,1,0,0,0,0,0,1,0,0,0,0,0,0,1,0,0,0,1,1,1.0,0.0,0.0,0.0,0.0,0.0,0.0,0.0,0.0,0.0,1
131,1,0,1,29,36,6887,4,3,1,1,1,0,0,0,0,0,0,0,0,0,0,0,1,0,0,0,0,1,0.0,1.0,0.0,0.0,0.0,0.0,0.0,0.0,0.0,0.0,0
949,1,0,1,31,24,3621,2,4,2,1,0,0,0,1,0,1,0,0,0,0,0,0,1,0,0,0,1,1,0.0,0.0,1.0,0.0,0.0,0.0,0.0,0.0,0.0,0.0,0
47,0,0,0,23,6,1352,1,2,1,1,1,0,0,1,1,1,0,0,0,0,0,0,0,1,1,0,0,0,0.0,0.0,0.0,0.0,0.0,0.0,0.0,0.0,0.0,1.0,1
774,1,0,1,66,12,1480,2,4,3,1,0,1,1,1,1,1,0,1,1,0,0,0,0,0,1,0,0,0,0.0,0.0,0.0,0.0,0.0,1.0,0.0,0.0,0.0,0.0,1
324,0,0,0,36,18,1028,4,3,2,1,0,0,0,0,0,1,0,1,0,0,0,0,1,0,0,0,0,1,0.0,0.0,0.0,0.0,0.0,1.0,0.0,0.0,0.0,0.0,1
203,1,0,0,21,12,902,4,4,1,1,0,0,0,0,0,1,0,0,0,0,0,0,0,1,0,0,1,1,0.0,0.0,0.0,0.0,0.0,0.0,0.0,0.0,1.0,0.0,0
84,1,0,1,52,10,2315,3,4,1,1,0,0,0,0,0,1,0,0,0,0,0,0,1,0,0,0,1,0,0.0,0.0,1.0,0.0,0.0,0.0,0.0,0.0,0.0,0.0,1
633,0,0,0,19,9,1980,2,2,2,1,0,0,0,0,0,1,0,0,0,0,1,0,0,1,0,1,0,1,0.0,0.0,0.0,1.0,0.0,0.0,0.0,0.0,0.0,0.0,0
565,0,0,0,23,24,1553,3,2,2,1,1,1,0,1,0,0,0,0,0,0,0,0,0,1,0,0,1,1,0.0,0.0,1.0,0.0,0.0,0.0,0.0,0.0,0.0,0.0,1
611,0,0,0,48,10,1240,1,4,1,2,0,1,1,1,0,1,0,0,0,0,0,0,0,0,0,0,1,0,0.0,0.0,0.0,0.0,0.0,1.0,0.0,0.0,0.0,0.0,0
398,1,0,0,46,12,1223,1,1,2,1,0,1,0,0,0,1,0,0,0,0,0,0,0,1,0,0,1,1,0.0,0.0,0.0,0.0,0.0,1.0,0.0,0.0,0.0,0.0,0
896,0,0,0,28,21,2606,4,4,1,1,1,0,0,0,0,1,0,0,0,0,0,0,0,1,0,1,0,1,0.0,0.0,1.0,0.0,0.0,0.0,0.0,0.0,0.0,0.0,1
91,1,0,1,54,12,1409,4,3,1,1,0,0,0,0,0,1,0,1,0,0,0,0,1,0,0,0,1,1,0.0,0.0,0.0,0.0,0.0,0.0,0.0,0.0,0.0,1.0,1
82,0,0,0,24,18,1568,3,4,1,1,0,0,0,1,0,1,0,0,0,0,0,0,0,1,0,0,0,0,1.0,0.0,0.0,0.0,0.0,0.0,0.0,0.0,0.0,0.0,1
430,1,0,1,74,5,3448,1,4,1,1,0,0,0,0,0,1,0,0,0,0,0,0,1,0,0,0,1,0,1.0,0.0,0.0,0.0,0.0,0.0,0.0,0.0,0.0,0.0,1
779,0,0,0,67,18,3872,2,4,1,1,1,1,0,0,0,1,0,0,0,0,0,0,1,0,1,0,0,1,0.0,0.0,0.0,0.0,0.0,0.0,0.0,1.0,0.0,0.0,1
119,1,0,0,36,12,2366,3,3,1,1,1,1,0,1,1,1,0,1,0,0,0,0,1,0,0,0,1,1,0.0,0.0,0.0,0.0,0.0,1.0,0.0,0.0,0.0,0.0,1
870,0,0,0,40,36,7678,2,4,2,1,1,0,0,1,1,0,0,0,0,0,0,0,1,0,0,0,1,1,0.0,0.0,0.0,1.0,0.0,0.0,0.0,0.0,0.0,0.0,1
291,1,0,0,28,36,9398,1,4,1,1,1,1,0,0,0,1,0,0,0,0,0,0,0,1,0,1,0,1,0.0,0.0,0.0,0.0,0.0,0.0,0.0,0.0,0.0,1.0,0
57,0,0,0,31,36,9566,2,2,2,1,0,0,0,0,0,1,0,1,0,0,0,0,1,0,0,0,0,1,0.0,0.0,1.0,0.0,0.0,0.0,0.0,0.0,0.0,0.0,1
321,1,0,0,32,24,1938,4,3,1,1,0,0,0,0,0,1,0,0,0,0,0,0,1,0,0,1,0,1,0.0,0.0,1.0,0.0,0.0,0.0,0.0,0.0,0.0,0.0,0
257,1,0,0,29,12,2149,4,1,1,1,0,0,0,0,0,1,1,0,0,0,0,0,0,0,0,0,0,1,0.0,0.0,1.0,0.0,0.0,0.0,0.0,0.0,0.0,0.0,0
888,1,0,1,34,36,6614,4,4,2,1,1,0,0,0,0,1,0,1,0,0,0,0,1,0,0,0,1,1,0.0,0.0,0.0,0.0,0.0,1.0,0.0,0.0,0.0,0.0,1
947,1,0,1,38,12,2859,4,4,1,1,1,0,0,0,0,1,0,0,0,0,0,0,1,0,1,0,0,1,0.0,0.0,0.0,0.0,0.0,1.0,0.0,0.0,0.0,0.0,1
442,1,0,1,29,20,2629,2,3,2,1,1,1,0,0,0,0,0,0,1,0,0,0,1,0,0,0,0,1,0.0,0.0,0.0,0.0,0.0,0.0,1.0,0.0,0.0,0.0,1
42,1,0,1,44,18,6204,2,4,1,2,1,1,0,0,0,0,0,0,0,0,0,0,1,0,0,0,0,0,0.0,0.0,0.0,0.0,0.0,0.0,0.0,1.0,0.0,0.0,1
617,1,0,1,37,6,3676,1,3,3,2,0,0,0,0,0,1,0,1,0,0,0,0,0,1,0,0,0,1,0.0,0.0,0.0,0.0,0.0,1.0,0.0,0.0,0.0,0.0,1
388,1,0,1,27,15,2326,2,4,1,1,0,1,0,1,1,1,0,1,1,0,0,0,1,0,0,0,0,1,1.0,0.0,0.0,0.0,0.0,0.0,0.0,0.0,0.0,0.0,1
335,1,0,0,44,6,3384,1,4,1,1,1,0,0,0,0,1,0,1,0,0,0,0,0,1,0,0,0,1,0.0,0.0,0.0,1.0,0.0,0.0,0.0,0.0,0.0,0.0,0
273,1,0,1,28,48,3060,4,4,2,1,0,1,0,0,0,1,0,0,0,0,0,0,1,0,0,0,1,1,0.0,0.0,1.0,0.0,0.0,0.0,0.0,0.0,0.0,0.0,0
756,1,1,1,74,6,1299,1,1,3,2,0,1,1,0,0,1,0,1,0,0,0,0,1,0,0,0,0,0,0.0,0.0,0.0,0.0,0.0,1.0,0.0,0.0,0.0,0.0,1
488,1,1,1,35,10,1418,3,2,1,1,0,0,0,1,0,1,0,0,0,0,0,0,0,1,0,0,0,0,0.0,0.0,0.0,0.0,0.0,1.0,0.0,0.0,0.0,0.0,1
550,0,0,0,23,12,996,4,4,2,1,0,0,0,0,0,1,0,1,0,0,0,0,1,0,0,0,1,1,0.0,0.0,0.0,0.0,0.0,0.0,0.0,1.0,0.0,0.0,1
901,1,0,0,44,20,3485,2,4,2,1,1,0,0,0,0,1,0,1,0,0,0,0,1,0,0,1,0,1,0.0,0.0,0.0,0.0,0.0,1.0,0.0,0.0,0.0,0.0,1
53,1,0,1,31,18,3378,2,1,1,1,1,0,0,0,0,1,0,0,0,0,0,0,1,0,0,0,0,1,0.0,0.0,0.0,0.0,0.0,0.0,0.0,0.0,0.0,1.0,1
932,1,0,1,30,9,1224,3,1,2,1,0,0,0,0,0,1,0,1,0,0,0,0,1,0,0,0,0,1,0.0,0.0,0.0,0.0,0.0,1.0,0.0,0.0,0.0,0.0,1
936,0,0,0,28,9,745,3,2,1,1,0,1,1,0,0,1,0,0,0,0,0,0,1,0,0,0,0,0,0.0,0.0,1.0,0.0,0.0,0.0,0.0,0.0,0.0,0.0,0
128,1,0,1,34,12,1860,4,2,2,1,1,1,0,0,0,1,0,1,0,0,0,0,1,0,1,0,0,1,0.0,0.0,0.0,0.0,0.0,0.0,0.0,0.0,0.0,1.0,1
802,0,0,0,24,20,4272,1,4,2,1,0,0,0,0,0,1,0,1,0,0,0,0,1,0,0,0,1,1,0.0,0.0,0.0,1.0,0.0,0.0,0.0,0.0,0.0,0.0,1
28,1,0,1,34,7,2415,3,2,1,1,0,1,0,0,0,1,0,0,0,0,0,1,1,0,0,0,0,1,0.0,0.0,1.0,0.0,0.0,0.0,0.0,0.0,0.0,0.0,1
183,1,0,1,50,24,3777,4,4,1,1,1,0,0,1,1,1,0,1,0,0,0,0,1,0,0,0,0,1,0.0,0.0,0.0,1.0,0.0,0.0,0.0,0.0,0.0,0.0,1
882,1,0,1,36,30,2181,4,4,2,1,0,1,0,0,0,1,0,1,0,0,0,0,1,0,0,0,1,1,0.0,0.0,0.0,0.0,0.0,1.0,0.0,0.0,0.0,0.0,1
459,1,0,1,32,18,4594,3,2,1,1,1,0,0,0,0,1,0,0,0,0,0,0,1,0,0,1,0,1,0.0,0.0,1.0,0.0,0.0,0.0,0.0,0.0,0.0,0.0,1
510,1,0,1,26,12,759,4,2,1,1,0,0,0,0,0,1,0,0,0,0,0,0,1,0,0,0,1,1,0.0,0.0,0.0,0.0,0.0,1.0,0.0,0.0,0.0,0.0,0
675,0,0,0,26,30,4530,4,4,1,1,1,0,0,0,0,1,0,1,0,0,0,0,0,1,0,0,1,1,0.0,0.0,1.0,0.0,0.0,0.0,0.0,0.0,0.0,0.0,1
151,1,1,1,38,10,1924,1,4,1,1,1,0,0,0,0,1,0,0,0,0,0,0,1,0,0,0,0,1,0.0,0.0,1.0,0.0,0.0,0.0,0.0,0.0,0.0,0.0,1
244,0,0,0,35,12,3447,4,3,1,2,0,0,0,1,1,1,1,0,0,0,0,0,1,0,0,0,0,0,0.0,0.0,0.0,0.0,0.0,0.0,0.0,0.0,1.0,0.0,1
714,1,0,1,27,60,14027,4,2,1,1,1,1,0,0,0,1,0,0,0,0,0,0,1,0,0,0,1,1,0.0,0.0,0.0,0.0,0.0,1.0,0.0,0.0,0.0,0.0,0
543,1,0,1,34,18,2864,2,1,1,2,0,1,1,0,0,1,0,0,0,0,0,0,1,0,0,0,0,0,0.0,0.0,0.0,1.0,0.0,0.0,0.0,0.0,0.0,0.0,0
544,1,0,1,61,12,1255,4,4,2,1,0,0,0,0,0,1,0,1,0,0,0,0,1,0,0,0,1,0,0.0,0.0,0.0,0.0,0.0,1.0,0.0,0.0,0.0,0.0,1
639,1,0,1,26,42,4370,3,2,2,2,1,0,0,0,0,0,0,0,1,0,0,0,1,0,0,0,1,1,0.0,0.0,1.0,0.0,0.0,0.0,0.0,0.0,0.0,0.0,0
697,0,0,0,38,12,926,1,2,1,1,0,0,0,0,0,1,0,1,0,0,0,0,1,0,1,0,0,0,0.0,0.0,0.0,0.0,0.0,1.0,0.0,0.0,0.0,0.0,1
265,1,0,1,37,15,802,4,3,1,2,0,1,0,0,0,1,0,0,0,0,0,0,1,0,0,0,1,1,0.0,0.0,1.0,0.0,0.0,0.0,0.0,0.0,0.0,0.0,0
288,0,0,0,49,12,1092,4,4,2,1,1,1,0,0,0,1,0,0,0,0,0,1,1,0,0,0,0,1,0.0,0.0,1.0,0.0,0.0,0.0,0.0,0.0,0.0,0.0,1
423,1,0,1,34,21,1591,4,3,2,1,0,0,0,1,0,0,0,0,0,0,0,0,1,0,0,0,1,1,0.0,0.0,0.0,1.0,0.0,0.0,0.0,0.0,0.0,0.0,1
910,0,0,0,34,36,4454,4,4,2,1,0,0,0,0,0,0,0,0,0,0,0,0,1,0,0,0,0,1,0.0,0.0,1.0,0.0,0.0,0.0,0.0,0.0,0.0,0.0,1
147,0,0,0,51,12,682,4,3,2,1,1,0,0,1,0,1,0,1,0,0,0,0,1,0,0,0,1,1,0.0,0.0,0.0,0.0,0.0,1.0,0.0,0.0,0.0,0.0,1
659,1,0,1,41,18,6361,2,1,1,1,1,1,0,0,0,1,0,1,0,0,0,0,1,0,0,0,1,1,0.0,0.0,0.0,1.0,0.0,0.0,0.0,0.0,0.0,0.0,1
797,0,0,0,22,12,1258,2,4,2,1,0,0,0,0,0,1,0,1,0,0,0,0,0,1,0,1,0,0,0.0,0.0,0.0,1.0,0.0,0.0,0.0,0.0,0.0,0.0,1
966,1,0,1,23,27,2520,4,2,2,1,0,1,0,1,1,1,0,1,0,0,0,0,1,0,0,0,0,0,0.0,0.0,1.0,0.0,0.0,0.0,0.0,0.0,0.0,0.0,0
177,1,0,1,52,6,338,4,4,2,1,0,0,0,1,1,1,0,1,0,0,0,0,1,0,0,0,1,1,0.0,0.0,1.0,0.0,0.0,0.0,0.0,0.0,0.0,0.0,1
99,1,0,1,36,20,7057,3,4,2,2,1,1,0,0,0,0,0,0,1,0,0,0,0,1,0,0,1,1,0.0,0.0,0.0,0.0,0.0,0.0,0.0,0.0,0.0,1.0,1
850,1,1,0,33,20,2235,4,2,2,1,0,0,0,0,0,1,0,1,1,0,0,1,0,1,0,0,0,1,0.0,0.0,0.0,0.0,0.0,1.0,0.0,0.0,0.0,0.0,0
448,0,0,0,55,12,1424,3,4,1,1,1,1,1,0,0,1,0,0,0,0,0,0,1,0,0,0,1,1,0.0,0.0,0.0,1.0,0.0,0.0,0.0,0.0,0.0,0.0,1
431,1,0,1,29,24,11328,2,3,2,1,1,1,0,0,0,1,0,0,1,0,1,0,1,0,0,0,0,1,0.0,0.0,0.0,0.0,0.0,0.0,1.0,0.0,0.0,0.0,0
847,1,0,0,28,24,1249,4,2,1,1,0,0,0,0,0,1,0,0,0,0,0,0,1,0,0,1,0,1,0.0,0.0,0.0,0.0,0.0,1.0,0.0,0.0,0.0,0.0,1
709,1,0,1,37,9,2118,2,2,1,2,0,1,0,0,0,1,0,0,0,0,0,0,1,0,0,0,0,0,0.0,0.0,1.0,0.0,0.0,0.0,0.0,0.0,0.0,0.0,1
755,0,0,0,32,24,1285,4,4,1,1,0,0,0,0,0,1,0,0,0,0,0,0,0,1,0,0,1,1,0.0,0.0,0.0,0.0,0.0,1.0,0.0,0.0,0.0,0.0,0
115,1,0,1,47,48,3578,4,1,1,1,1,0,0,0,0,1,0,1,0,0,0,0,1,0,0,0,1,1,0.0,0.0,1.0,0.0,0.0,0.0,0.0,0.0,0.0,0.0,1
916,1,0,1,32,10,2848,1,2,1,2,0,0,0,1,0,1,0,0,0,0,1,0,1,0,0,0,0,1,0.0,0.0,0.0,0.0,0.0,0.0,0.0,0.0,0.0,1.0,1
777,0,0,0,25,18,3509,4,1,1,1,0,0,0,0,0,1,0,0,0,0,0,1,1,0,0,0,1,1,0.0,0.0,1.0,0.0,0.0,0.0,0.0,0.0,0.0,0.0,1
72,1,0,1,51,8,1164,3,4,2,2,1,0,0,0,0,1,0,1,1,0,0,0,0,0,0,0,1,1,0.0,0.0,0.0,0.0,0.0,0.0,1.0,0.0,0.0,0.0,1
845,1,0,1,35,21,3976,2,3,1,1,1,1,0,0,0,1,0,0,0,0,0,0,1,0,0,0,1,1,0.0,0.0,0.0,1.0,0.0,0.0,0.0,0.0,0.0,0.0,1
537,0,0,0,37,18,3612,3,4,1,1,1,1,0,0,0,1,0,1,0,0,0,0,1,0,0,0,1,1,0.0,0.0,0.0,1.0,0.0,0.0,0.0,0.0,0.0,0.0,1
677,1,0,0,24,72,5595,2,2,1,1,0,1,0,1,0,1,0,0,0,0,0,0,1,0,0,0,0,1,0.0,0.0,1.0,0.0,0.0,0.0,0.0,0.0,0.0,0.0,0
849,1,0,1,57,12,709,4,4,1,1,0,0,0,0,0,1,0,0,0,0,0,0,1,0,0,0,1,0,0.0,0.0,1.0,0.0,0.0,0.0,0.0,0.0,0.0,0.0,0
983,1,0,1,26,36,8229,2,2,1,2,0,0,0,0,0,1,0,0,0,0,0,0,1,0,0,0,0,1,0.0,0.0,0.0,0.0,0.0,0.0,0.0,0.0,0.0,1.0,0
174,1,0,1,26,21,3414,2,1,2,1,0,0,0,0,0,0,0,0,0,0,0,0,1,0,0,1,0,1,0.0,1.0,0.0,0.0,0.0,0.0,0.0,0.0,0.0,0.0,0
87,1,0,1,47,36,12612,1,4,1,2,1,1,0,1,0,1,0,0,0,0,0,0,0,0,0,0,0,1,0.0,1.0,0.0,0.0,0.0,0.0,0.0,0.0,0.0,0.0,0
551,1,0,1,45,6,1750,2,4,1,2,0,0,0,1,1,1,1,0,1,0,0,0,1,0,0,0,1,0,0.0,0.0,1.0,0.0,0.0,0.0,0.0,0.0,0.0,0.0,1
486,1,0,1,52,12,3077,2,4,1,1,1,0,0,0,0,1,0,0,0,0,0,0,1,0,0,0,0,1,0.0,0.0,1.0,0.0,0.0,0.0,0.0,0.0,0.0,0.0,1
705,0,0,0,35,15,5324,1,4,1,1,0,0,0,1,1,1,0,0,0,0,0,0,0,0,0,0,1,1,0.0,0.0,0.0,0.0,0.0,1.0,0.0,0.0,0.0,0.0,1
314,1,1,1,29,4,1494,1,2,1,2,0,1,1,0,0,1,0,0,0,0,0,0,1,0,0,1,0,0,0.0,0.0,0.0,0.0,0.0,1.0,0.0,0.0,0.0,0.0,1
396,0,0,0,55,12,2578,3,4,1,1,0,0,0,0,0,1,0,0,0,0,0,0,0,0,1,0,0,1,0.0,0.0,0.0,1.0,0.0,0.0,0.0,0.0,0.0,0.0,1
600,0,0,0,45,7,2329,1,1,1,1,0,1,0,0,0,1,0,0,0,0,0,1,1,0,0,1,0,1,0.0,0.0,1.0,0.0,0.0,0.0,0.0,0.0,0.0,0.0,1
472,1,0,1,28,9,654,4,3,1,1,0,0,0,0,0,1,0,0,0,0,0,0,1,0,0,0,0,0,0.0,0.0,0.0,0.0,0.0,1.0,0.0,0.0,0.0,0.0,0
70,0,0,0,30,36,8133,1,2,1,1,0,0,0,0,0,1,0,0,1,0,0,0,1,0,0,0,0,1,0.0,0.0,0.0,0.0,0.0,0.0,0.0,0.0,0.0,1.0,1
599,1,0,1,32,24,3863,1,2,1,1,0,0,0,0,0,0,0,0,0,0,0,0,0,0,0,0,0,1,1.0,0.0,0.0,0.0,0.0,0.0,0.0,0.0,0.0,0.0,1
804,0,0,0,24,12,7472,1,2,1,1,0,1,0,0,0,1,0,0,0,0,0,0,0,1,1,0,0,0,0.0,0.0,0.0,0.0,0.0,1.0,0.0,0.0,0.0,0.0,1
754,1,0,1,55,12,1555,4,4,2,2,0,0,0,1,1,0,0,0,0,0,0,0,0,0,0,0,1,1,0.0,0.0,0.0,0.0,0.0,0.0,0.0,1.0,0.0,0.0,0
277,1,0,0,49,12,1262,2,4,1,1,1,0,0,0,0,1,0,0,0,0,0,0,1,0,0,0,1,0,0.0,0.0,0.0,1.0,0.0,0.0,0.0,0.0,0.0,0.0,1
723,0,0,0,66,9,790,4,3,1,1,0,1,0,1,1,1,0,0,0,0,0,0,1,0,0,0,0,0,0.0,0.0,1.0,0.0,0.0,0.0,0.0,0.0,0.0,0.0,1
9,1,0,0,28,30,5234,4,2,2,1,0,1,0,0,0,1,0,1,0,0,0,0,1,0,1,0,0,1,0.0,0.0,0.0,0.0,0.0,1.0,0.0,0.0,0.0,0.0,0
359,0,0,0,23,30,2406,4,4,1,1,0,0,0,0,0,1,0,0,0,0,0,0,0,1,0,0,1,1,0.0,0.0,0.0,1.0,0.0,0.0,0.0,0.0,0.0,0.0,0
707,0,0,0,25,12,2969,4,3,2,1,0,1,0,0,0,1,0,0,0,0,0,0,0,1,0,1,0,1,0.0,0.0,0.0,1.0,0.0,0.0,0.0,0.0,0.0,0.0,0
763,1,0,1,30,21,12680,4,4,1,1,1,0,0,0,0,1,0,1,0,0,0,0,0,0,0,0,1,1,0.0,0.0,0.0,0.0,0.0,1.0,0.0,0.0,0.0,0.0,0
835,1,0,1,48,12,1082,4,4,2,1,0,0,0,0,0,1,0,0,1,0,0,0,1,0,0,0,0,1,0.0,0.0,0.0,0.0,0.0,1.0,0.0,0.0,0.0,0.0,0
192,1,0,1,36,27,3915,4,2,1,2,1,1,0,0,0,1,0,0,0,0,0,0,1,0,0,0,0,1,1.0,0.0,0.0,0.0,0.0,0.0,0.0,0.0,0.0,0.0,0
629,1,0,1,64,9,3832,1,4,1,1,0,0,0,0,0,1,0,0,0,0,0,0,1,0,0,0,1,0,0.0,1.0,0.0,0.0,0.0,0.0,0.0,0.0,0.0,0.0,1
559,1,0,1,31,18,1928,2,2,2,1,0,1,0,0,0,1,0,1,0,0,0,0,1,0,0,1,0,0,0.0,0.0,0.0,1.0,0.0,0.0,0.0,0.0,0.0,0.0,0
684,1,0,1,31,36,9857,1,3,2,2,1,1,0,1,0,0,0,0,0,0,0,0,1,0,0,0,1,0,1.0,0.0,0.0,0.0,0.0,0.0,0.0,0.0,0.0,0.0,1
